sample,X_D65,Y_D65,Z_D65,x_D65,y_D65,X_F2,Y_F2,Z_F2,x_F2,y_F2
0,0.696152307472,0.711690445899,0.738257992913,0.324380068679,0.33162024063,0.766591748616,0.727923638704,0.391712323432,0.406415272263,0.385915038017
1,0.521484687377,0.52816138948,0.548378388307,0.326330853341,0.330508950892,0.575762339005,0.543708082038,0.290628395995,0.408313468566,0.385581546107
2,0.385940232444,0.38653635657,0.397945809516,0.329744400764,0.330253724685,0.42745676081,0.400484711219,0.210488097702,0.411637701073,0.385663816683
3,0.269520755606,0.265998591667,0.272895320579,0.333394192762,0.329037314939,0.300181873929,0.278493893376,0.144391145304,0.415150892253,0.385156461345
4,0.17860145328,0.174440681621,0.17883276742,0.335795978529,0.32797313966,0.198885251661,0.183030299433,0.0946842327479,0.417300339622,0.384033534295
5,0.118092168107,0.111667118153,0.112707469022,0.344828122104,0.326067031122,0.131441723717,0.117536106953,0.0598581397865,0.425603674089,0.380577776543
6,0.0707258012154,0.0660326547017,0.0661931229382,0.348486085274,0.325361621103,0.0781738789386,0.0688102951379,0.0349997050778,0.429564856524,0.378112036394
7,0.0513983378057,0.0467628408751,0.0482479416936,0.3510596722,0.319398414221,0.0539498113905,0.0472931853727,0.0258079221067,0.424631414478,0.372238042773
8,0.558965376794,0.5320698856,0.513331316078,0.348402531126,0.331638599769,0.626226418506,0.564028551738,0.271776985005,0.428326081559,0.385784010885
9,0.415490067914,0.391719805889,0.373171177687,0.35199655856,0.331858771703,0.468145431677,0.419332217923,0.197326161257,0.431548476316,0.386551202832
10,0.301592777187,0.275988867174,0.259922395114,0.360109041834,0.329537356437,0.340601930689,0.297971771332,0.137310597569,0.438985465834,0.384041501406
11,0.196943590117,0.176097597244,0.167255612631,0.364510006574,0.325927522144,0.220968810542,0.189308935971,0.0883854532376,0.443122353228,0.379632858542
12,0.130251104094,0.112735215802,0.104319786531,0.375032576979,0.32459900277,0.144371361287,0.120024037351,0.0551771351716,0.451763984739,0.375576824204
13,0.0773689910174,0.0634857530481,0.0572640396548,0.390518201074,0.320442877026,0.082357114535,0.0658388011317,0.0304503384101,0.461006669077,0.368542858466
14,0.432334060908,0.382202676847,0.347445136642,0.3720660971,0.328923097053,0.48621215575,0.413472497772,0.183900846999,0.448706775346,0.381578101196
15,0.309373499752,0.264944310294,0.237922355883,0.380889191066,0.326189619041,0.347164063953,0.28759834013,0.125739618104,0.456493281838,0.378169066931
16,0.218814082049,0.183461349402,0.158927754981,0.389901710003,0.326907177004,0.24574147695,0.199974215233,0.0839966512139,0.463914953112,0.377514735547
17,0.129483691412,0.112310619896,0.104038948101,0.374410753995,0.324753669119,0.143424532528,0.119423411638,0.0549728406047,0.451274867473,0.375757085001
18,0.0817361959156,0.0625519939407,0.0552300397266,0.409667808733,0.313515181402,0.0829988405664,0.0634066015245,0.0292930540122,0.472393574261,0.360883006576
19,0.481602807302,0.400396659439,0.333473671747,0.396226615013,0.329416296223,0.540870516961,0.438600905341,0.17626240101,0.467988827575,0.379499930256
20,0.322715194103,0.259382976167,0.215260874778,0.404730085032,0.325302607123,0.362501473571,0.285912248572,0.113844039897,0.475562849765,0.375086044132
21,0.237694225068,0.18294559021,0.149647214772,0.416797529215,0.320795635478,0.259495345007,0.196851462688,0.0791289442522,0.4846070883,0.36761975117
22,0.156133817992,0.114356567884,0.0903970878645,0.432638507438,0.31687596884,0.162547831017,0.118772374692,0.0479817273453,0.493613352067,0.36067925138
23,0.471314858868,0.372838629256,0.29724927554,0.412925983598,0.326649488792,0.52332174841,0.407793871468,0.157142608153,0.480880121032,0.374721606476
24,0.361607809573,0.273799157905,0.209772148606,0.42784754461,0.323954002997,0.395321105352,0.29667963577,0.11079651894,0.492429564746,0.369557359659
25,0.246702219263,0.176951673084,0.13500890553,0.441594142657,0.316741465079,0.25901869829,0.18554446919,0.0715063203673,0.501906631548,0.359533887508
26,0.177155636839,0.118672306499,0.0857507355357,0.464270271498,0.311003504833,0.174713093063,0.119449736136,0.0457087125984,0.514056258253,0.351455539656
27,0.364048417652,0.263401817417,0.193785881589,0.443293238409,0.320738228719,0.388739278874,0.281656200271,0.102461802372,0.502989734549,0.364434944209
28,0.273822770311,0.181713383705,0.123384278946,0.472988609005,0.313883175232,0.280786774633,0.189430190639,0.0653727643368,0.524257204928,0.353685256021
29,0.173951433121,0.10864852538,0.0744854938315,0.487142312813,0.304264776597,0.164753663581,0.106493995994,0.0397014362199,0.529841269227,0.34248048132
30,0.658479105997,0.683527054957,0.717579197304,0.319714404337,0.331876050787,0.720798255333,0.692069463912,0.380692563618,0.40188125385,0.385863508756
31,0.477965133698,0.49331360453,0.514924858797,0.321601383993,0.331928684278,0.525365958153,0.502863266689,0.272698589676,0.403839438507,0.386542021069
32,0.356948334109,0.365784240307,0.382022001025,0.32310192874,0.331100000342,0.392959068255,0.37437251787,0.20226123069,0.40528256959,0.386113130561
33,0.250255478041,0.25463489945,0.265026980739,0.325042000113,0.330730170879,0.276459027749,0.262225144981,0.140302971535,0.407163861768,0.386200456365
34,0.165395724531,0.166939490817,0.173392183975,0.327045212011,0.330097778053,0.183166258234,0.172972357157,0.0918124230208,0.408897943139,0.386141212599
35,0.10959715647,0.109396332149,0.112657589652,0.330459219494,0.32985369057,0.121570437818,0.113817236388,0.0595369388371,0.412208518521,0.385919761711
36,0.0605777128097,0.0595506251317,0.0616848375263,0.333186594722,0.327537456944,0.0670842992667,0.0615309515723,0.0327020960318,0.415852979038,0.38142799126
37,0.0493704043812,0.0481287415939,0.0492542256919,0.336417513413,0.327956632595,0.0544980331557,0.0497635599782,0.026131289818,0.417952513373,0.38164322202
38,0.678946816357,0.687952102865,0.696069909031,0.329111524643,0.333476731904,0.751293042953,0.709115241633,0.369127619978,0.410646788116,0.387592962709
39,0.494116632601,0.497348175973,0.507541462776,0.329629463228,0.331785253657,0.547608371777,0.514907688485,0.268767289862,0.411338706915,0.386775428715
40,0.361370118149,0.359821241954,0.36204241273,0.333603075543,0.332173212263,0.402271059752,0.375543758972,0.191612349875,0.414957484979,0.387387285127
41,0.26317143504,0.259868417886,0.262807612393,0.334888698704,0.330685571125,0.293531753769,0.27253352197,0.138795209473,0.41643950814,0.386648886819
42,0.173757915475,0.169578991452,0.170230258044,0.338335328515,0.330198273992,0.194398477055,0.178924184194,0.090013830614,0.419562198249,0.386164671543
43,0.117727764031,0.111294191802,0.108695297666,0.348598606709,0.329548433339,0.131616678226,0.117840508567,0.0574125957898,0.428900744539,0.384008186062
44,0.0685752701986,0.0633108017205,0.0601347248672,0.357124183142,0.329708046108,0.076714632674,0.0669719546652,0.0318854745899,0.436941002065,0.381449952398
45,0.05091361017,0.0469676504869,0.0462942441215,0.353136340658,0.325767199908,0.0553158661205,0.048630503499,0.0245113561028,0.430615331305,0.378572041701
46,0.544432484315,0.516224409961,0.478762832038,0.353660847012,0.335337011172,0.615357847066,0.553843122708,0.253492614221,0.432530134379,0.389291924093
47,0.392638053634,0.367536042924,0.341477568753,0.356408532749,0.333622736203,0.44441459991,0.39640742642,0.180696725277,0.435052806628,0.388056925824
48,0.279189298779,0.256456373636,0.235720044233,0.361941544398,0.332470536479,0.316914838882,0.278807930953,0.124623831002,0.439947711996,0.3870469169
49,0.185560542444,0.166347374228,0.148510940401,0.370810451727,0.332416278638,0.210162472047,0.180992160413,0.0785694733354,0.447416833528,0.385315886879
50,0.124536170214,0.10799165449,0.0934137178664,0.382081305843,0.331322155618,0.139352155457,0.116386854336,0.0493920722788,0.456696035393,0.38143231278
51,0.0759642234672,0.063701605837,0.0536853362255,0.392882159562,0.329460676704,0.0837609526179,0.0677689786644,0.0283654259379,0.465609307056,0.376713327746
52,0.415697394976,0.36587880245,0.311016431081,0.380468789675,0.334872113269,0.473876002893,0.403097163739,0.164444758476,0.455029620163,0.387065705343
53,0.294530821652,0.253927606443,0.21074641017,0.387946449768,0.334465211027,0.336429582198,0.28158008683,0.111393303757,0.461239664151,0.386041868948
54,0.200383068638,0.166124890371,0.130862685748,0.402884791754,0.334006222768,0.227427044525,0.184032106212,0.0691953228543,0.47316119379,0.382878172
55,0.13557871498,0.108957285718,0.0828923534443,0.414071393832,0.332766800247,0.148978619586,0.116894197204,0.0438799916688,0.480959705668,0.377378974497
56,0.0833920157398,0.0630409552217,0.0470137582066,0.431085167986,0.325882766242,0.0855765554836,0.0645083265525,0.0249090467871,0.489025853977,0.368631797608
57,0.449718895648,0.372927498977,0.287136223274,0.405231518673,0.336036529102,0.511830588799,0.41557902179,0.151732418861,0.474293999151,0.38510132165
58,0.320791893473,0.258302965766,0.194159621943,0.414859404348,0.334046516447,0.363617404488,0.288092861114,0.102661289847,0.482013673318,0.381897831424
59,0.224173782753,0.174075252977,0.121388043176,0.431404516447,0.334993902559,0.251479029144,0.193040687006,0.0642072939354,0.494330012283,0.379458301169
60,0.145143112133,0.107769542986,0.0732061924303,0.445062017186,0.330460946358,0.152471402196,0.112762496394,0.0388286505366,0.501447490439,0.370852960083
61,0.459323113062,0.358992290308,0.254664576553,0.428081717885,0.334575012605,0.51651104036,0.400699666509,0.134706501065,0.491018719406,0.380923197649
62,0.341708119312,0.257677784974,0.172519748945,0.442681197996,0.333820310676,0.393066211373,0.297661059132,0.0914912757107,0.502501779425,0.380534392303
63,0.236638969647,0.170719831679,0.106522172378,0.460493736402,0.332216681323,0.255803287098,0.185096886658,0.0563946463631,0.514389607028,0.372207550068
64,0.168589379681,0.114132005146,0.0636503694614,0.486729583442,0.329507252635,0.166450680586,0.115299743553,0.0338018192529,0.527490087843,0.365390346505
65,0.360205568704,0.255093622232,0.155914482686,0.467063255002,0.330769060452,0.408107087355,0.29426683773,0.0826359334965,0.519875110986,0.374857505945
66,0.257011893982,0.172610951876,0.0954266431194,0.489500322118,0.328751775784,0.261055247839,0.179057914873,0.0504439599959,0.53216075306,0.365009305918
67,0.171939103022,0.108134640018,0.0538821108272,0.514855784173,0.323799205092,0.159798344995,0.10456152304,0.0287263300014,0.545226442137,0.356760310587
68,0.372373510693,0.255720426164,0.1479854536,0.479813683074,0.329502921104,0.415271437779,0.292101124855,0.0784394789764,0.528461535061,0.371718820008
69,0.273949220336,0.177501467794,0.0938675646159,0.502365763399,0.325500690468,0.288966410187,0.192974334355,0.0498826880792,0.543350278424,0.362854140149
70,0.177311600566,0.106071796118,0.0486642147437,0.533994507003,0.319447550494,0.163681624044,0.102390123153,0.0257930784419,0.560813121916,0.350813507345
71,0.688844151548,0.701524855465,0.703783978672,0.328936881048,0.334992171184,0.761776079599,0.721642338936,0.373419301128,0.410254526571,0.388640499541
72,0.507121771374,0.515145040521,0.514007430636,0.330098466364,0.33532101643,0.562328746025,0.531901934799,0.27223182407,0.411521533896,0.389254687117
73,0.370231191175,0.369817944847,0.368073089403,0.334106818436,0.333733893574,0.412807067502,0.386487001027,0.194838599439,0.415243438631,0.388768032155
74,0.262944733371,0.258753897444,0.253237414491,0.339311527659,0.333903551153,0.294728048151,0.273175843016,0.13396955515,0.419916225207,0.389209542617
75,0.179498718847,0.174579914827,0.170735888142,0.342023155583,0.332650693854,0.20201158795,0.18561538171,0.0902487508664,0.422728293723,0.388417686309
76,0.11684706339,0.111450771573,0.106177468194,0.349344367991,0.333210764805,0.131268769662,0.118646388937,0.0561547980604,0.428884857222,0.387644675198
77,0.0683359781193,0.0635020503937,0.0585971407513,0.358841165649,0.333457578445,0.0767547324852,0.0673291851411,0.0310449431274,0.43827574824,0.384455108377
78,0.0543058275247,0.0504657188251,0.0473462891335,0.356998423967,0.33175412117,0.0595773191071,0.0525067352661,0.0250887486836,0.434323114928,0.382778029581
79,0.533077649318,0.503366504451,0.444691970332,0.359911314459,0.339851615432,0.605590752871,0.543544028904,0.235416943184,0.437391208977,0.392577625744
80,0.396674191341,0.371353301574,0.330864053467,0.360976652015,0.337934442026,0.45269767699,0.405018799532,0.174898163767,0.438399437048,0.392226474165
81,0.283174040795,0.26056711821,0.225381249267,0.368178118007,0.338784978058,0.32479189886,0.286844237981,0.119166977095,0.44443146542,0.392505494997
82,0.188702711398,0.170633898707,0.14711348282,0.372598828659,0.336921448117,0.215683646416,0.18760491541,0.0776962084138,0.448420947525,0.390043358996
83,0.124719398692,0.108688481744,0.0891881743359,0.386611667585,0.336918198894,0.141324014684,0.118697075667,0.0471741451042,0.460046245427,0.386389702598
84,0.0764045199506,0.0638859168726,0.0486558982848,0.404371537066,0.338116729473,0.0831290213873,0.0676716150845,0.0257237157307,0.470920982573,0.383355691383
85,0.419800047082,0.371583191749,0.29579825905,0.386136121614,0.341785794252,0.485327031528,0.416013617418,0.156409212804,0.45882968089,0.393300564208
86,0.296245308779,0.254855368622,0.194430681509,0.397361298406,0.341843928597,0.343027478217,0.287829231993,0.102653109852,0.467652196106,0.392399970826
87,0.197823811983,0.164758094438,0.119414034689,0.410426302611,0.341824651175,0.228316049523,0.186492174356,0.0631417407925,0.477698642952,0.390191836261
88,0.125649658994,0.101648997448,0.0702409686092,0.422295547938,0.341631799228,0.141305900676,0.11179825894,0.0371385676892,0.486854234,0.385188838245
89,0.0781806191298,0.0615161145856,0.0413130421348,0.431913794504,0.339849681028,0.0830799381532,0.0645896689685,0.0219043350705,0.489933400611,0.380893833885
90,0.450339961847,0.376154346565,0.258860605675,0.414924146933,0.3465726664,0.525962506355,0.432392516252,0.136768470642,0.480276890778,0.394834481149
91,0.308682993141,0.251060989187,0.166797602978,0.424866242186,0.345556254817,0.358991147676,0.28876330336,0.0880563874802,0.487885104275,0.392442307512
92,0.210853529778,0.163766536927,0.100541586872,0.443751149089,0.344654362771,0.241854375912,0.186776474439,0.0531612953035,0.501989038413,0.387670235232
93,0.147717886071,0.110252829398,0.064105142317,0.458643150364,0.342319446592,0.155049698923,0.115596302168,0.0339578241135,0.509020852968,0.379497211142
94,0.468396406886,0.369144411139,0.223273179135,0.441544331183,0.34798222132,0.542555971517,0.426754542304,0.11796299483,0.499005969703,0.392499715029
95,0.338793015843,0.257201101955,0.143711171348,0.458010806215,0.347707533972,0.391508051979,0.298652378154,0.0758430437774,0.511104799539,0.389883842993
96,0.248327727801,0.180763594776,0.0912689540344,0.477222683903,0.347381617892,0.275640984209,0.201966702121,0.0482246299062,0.52419939912,0.384089558373
97,0.160843264344,0.111791970668,0.0525485742637,0.494622609602,0.34378086325,0.17034624314,0.12022273557,0.0278199252478,0.535025690351,0.377597127523
98,0.354491935406,0.254718674057,0.119101477658,0.486730814543,0.349738358818,0.405193210533,0.296562801587,0.0628085337853,0.529965995289,0.38788458499
99,0.263954648544,0.182020207904,0.0819542051728,0.499981281071,0.344781564677,0.280625414626,0.197067840653,0.0433711076225,0.538561902532,0.378202492214
100,0.168385136032,0.11112600084,0.0460611881159,0.517197326395,0.341325082972,0.177335434529,0.119581172956,0.0244613299037,0.551797164329,0.372088930334
101,0.668278843476,0.693405590188,0.708364898506,0.322832327274,0.334970562977,0.735176140861,0.70560237681,0.375946385877,0.404671141693,0.388392527362
102,0.497688638354,0.514727200636,0.526757817975,0.323347944595,0.334417886056,0.547845806683,0.524879097528,0.279300763504,0.405203702685,0.388216814268
103,0.371872087576,0.382176252058,0.383939273144,0.326780435393,0.335835160037,0.410926796538,0.390789552169,0.203407330536,0.408832072136,0.388797478598
104,0.257387620866,0.262126831125,0.267306556438,0.327123472949,0.333146711026,0.28474038807,0.270009546982,0.141361803417,0.409044083492,0.387882479293
105,0.178268701101,0.180653566182,0.183073721675,0.328911476714,0.333311629352,0.197707826284,0.186863435914,0.0968955649124,0.410636445029,0.388112794885
106,0.113936541966,0.113408983293,0.113858217953,0.333925240368,0.3323790713,0.127006882484,0.118692653635,0.0602244613747,0.415158286125,0.387980853439
107,0.0682934024822,0.067199732398,0.0659909233219,0.338951890743,0.3335238182,0.0761850978708,0.0699540242052,0.0350276751238,0.420524616256,0.38613049017
108,0.0495379648242,0.047959464586,0.0475526047859,0.341523289524,0.330640836121,0.0543482589136,0.0491855715654,0.0252404439426,0.422042827713,0.381951843925
109,0.682146102597,0.693674141283,0.677278688627,0.332251939639,0.337866885175,0.757398113017,0.716783103234,0.359083433474,0.413141721317,0.390987249627
110,0.521496372633,0.526964229639,0.519950932012,0.332499705105,0.335985943816,0.579515206087,0.546099683745,0.275488279321,0.413613514583,0.38976407717
111,0.391256042054,0.391199672557,0.371150258288,0.339159168074,0.339110304339,0.437107365066,0.406838299999,0.196557144699,0.420092440851,0.391001635153
112,0.274260905133,0.270426448851,0.257871659829,0.341733007059,0.336955219737,0.307825459984,0.285401899573,0.13636379425,0.421915011412,0.391180592149
113,0.183734263784,0.17898117808,0.166942510406,0.346892297182,0.33791841945,0.206722356147,0.188837147689,0.0883937319139,0.427153577818,0.390197097032
114,0.117487614298,0.112491757795,0.102666320079,0.353191449829,0.338172898199,0.133063324539,0.120669065519,0.0540382229921,0.432345776033,0.392074682904
115,0.0744104517763,0.0699122221136,0.0595391076564,0.365004422172,0.34293932675,0.0836431632513,0.0737984107881,0.0312234140907,0.443342265464,0.391161134451
116,0.0558274894317,0.0505180086459,0.0445343690211,0.370012848667,0.334822727627,0.0625682034226,0.0535994466346,0.0236693837004,0.447436574856,0.383299367802
117,0.56172225815,0.532872073676,0.444146481938,0.365053200075,0.346303983692,0.641492080024,0.577639249829,0.23495063033,0.441166383732,0.397253570051
118,0.397550026349,0.376542551772,0.312570578422,0.365844764272,0.346512670007,0.451987122766,0.403671080912,0.165200821463,0.442751752823,0.395422943786
119,0.290337748854,0.268882648564,0.212896663087,0.376028148717,0.348240781505,0.335224042562,0.29718671547,0.112484845093,0.450028220271,0.398964249786
120,0.197847028951,0.178686736907,0.137208755065,0.385109312337,0.347813797048,0.228094377395,0.196752293067,0.0726823899658,0.458454380934,0.395458896206
121,0.124952080284,0.108157546686,0.0807380378721,0.398129711581,0.344617974903,0.143076396475,0.119627716214,0.0427747566491,0.468367572477,0.391607172284
122,0.0771156433126,0.0652116205951,0.0457292367121,0.41006635271,0.346766106889,0.0879431456375,0.0715159782717,0.0242485647682,0.478712384172,0.389292243491
123,0.555163775332,0.496829853633,0.353805222546,0.394909822793,0.35341461056,0.646095854322,0.558502281881,0.187107094236,0.464247629592,0.401307884504
124,0.413236301238,0.364616131812,0.256532455219,0.39949955372,0.352495609659,0.48367676228,0.414731800476,0.135369079223,0.467873111817,0.401180857116
125,0.292843827665,0.253481177951,0.171931806401,0.407714654098,0.352911623962,0.344428386499,0.291072894413,0.0908818580624,0.474169027361,0.400715378421
126,0.198943190954,0.166888072368,0.102869796784,0.424456456123,0.356065062729,0.232754855788,0.190476889507,0.0544055343559,0.487304625715,0.398789829903
127,0.134006490324,0.108330833305,0.0641164890011,0.437281198019,0.353498076512,0.15165100106,0.120065855604,0.0339437969151,0.496141715606,0.392807691137
128,0.583026968576,0.503591620509,0.317076970957,0.415351437429,0.358761283319,0.68422835842,0.576929049362,0.167311045263,0.478994378183,0.403879447342
129,0.435426535966,0.365849598327,0.215858631782,0.428091291822,0.35968645506,0.514476020367,0.425248165915,0.114029898768,0.488231578569,0.403555413875
130,0.317862603466,0.260783844155,0.147129810956,0.437962250362,0.359317132619,0.374441745093,0.304280178467,0.0777493005356,0.494984783513,0.402236289729
131,0.223419993136,0.175192814508,0.0853464858202,0.4616503829,0.361999070736,0.262698808266,0.204567013386,0.0450354651866,0.512781862968,0.399309973723
132,0.147189193521,0.112994777704,0.0529380670426,0.470069734904,0.360864978809,0.171070189159,0.130812747245,0.0279196049745,0.518704884578,0.396639597433
133,0.461388091846,0.365728859952,0.179709396098,0.458259850679,0.363249194577,0.549645567309,0.436753870009,0.0949493657711,0.508296273819,0.403897307475
134,0.333702699149,0.25721826318,0.113453015125,0.473757847153,0.365172864718,0.399936088295,0.311501627566,0.059914099147,0.518487259009,0.403838587665
135,0.239666804458,0.177728191721,0.0694055999337,0.492330548426,0.365094441421,0.27790511091,0.208217757357,0.0369191321136,0.53132465597,0.398089937721
136,0.482710342517,0.369939833,0.152451035503,0.480260432705,0.368062269694,0.577875569494,0.449072635314,0.0805705608667,0.52177496888,0.405476321695
137,0.354288327348,0.260077347549,0.0883686922797,0.504156824963,0.37009339474,0.417412779849,0.312408570709,0.0467344440121,0.537518080179,0.402300224779
138,0.248768189836,0.176285793552,0.0560721944151,0.517053948243,0.366402415177,0.287001487622,0.207850708165,0.029673740535,0.547163577142,0.396263928573
139,0.668415454076,0.679398201864,0.637008675937,0.336763368358,0.342296734047,0.744243918433,0.703420649019,0.337759791275,0.416844272789,0.393979529618
140,0.513872387305,0.522195567018,0.492193542197,0.336246374377,0.34169254948,0.573553178909,0.542447967851,0.26043472639,0.416694442579,0.394096069735
141,0.358779198562,0.359590913604,0.337810047751,0.33969507493,0.340463613359,0.403422374777,0.378956930144,0.178608184034,0.419799819887,0.394341169369
142,0.254540525015,0.252021817987,0.229240547296,0.345935750418,0.34251267739,0.286997809798,0.266981964157,0.121172183861,0.425086243883,0.395439813313
143,0.177547867198,0.174732989528,0.155495360453,0.349657705878,0.344114166077,0.200646808041,0.184487562811,0.0823483215515,0.429206923169,0.394640413022
144,0.115268019364,0.110486565126,0.0932127566402,0.361378751052,0.34638833159,0.130266912103,0.117387077602,0.0492798417909,0.438706870979,0.395330761101
145,0.0699118163643,0.0661437448281,0.0542968983273,0.367275613568,0.347480379266,0.0791447795,0.0704842345801,0.0288196005847,0.443515796683,0.39498336657
146,0.0536084558793,0.0500822367352,0.0425970552202,0.366458959638,0.342354281042,0.0607802909613,0.0535293608644,0.022513689585,0.444224576996,0.391229744227
147,0.519461679672,0.495345450905,0.391552111547,0.369366278624,0.352218292502,0.594035369224,0.537490128443,0.207319188821,0.443692517302,0.401458163047
148,0.402845009612,0.381248161665,0.296158633572,0.372917691786,0.352925271639,0.46374514638,0.417126823905,0.156634842202,0.446980338634,0.402047310807
149,0.267734315078,0.249890578806,0.191364995729,0.377627832216,0.352460003263,0.309703938153,0.275961972339,0.101028403674,0.451006993598,0.401870186844
150,0.18448865127,0.166785639993,0.118228406011,0.392944816593,0.355238938906,0.215996045306,0.188673007248,0.0623930529487,0.46245679699,0.403957000632
151,0.125702655912,0.110574461067,0.0738738770691,0.405295028306,0.356518157895,0.145768837687,0.123803218009,0.039015193237,0.472374792513,0.401193563367
152,0.551497902166,0.500517540201,0.336108878954,0.397297197157,0.360571119253,0.64353703589,0.56236620125,0.17782837269,0.46507359615,0.406412773442
153,0.403224243106,0.360369450828,0.22621835289,0.407374556007,0.364078667243,0.474355258292,0.409775608445,0.119600410388,0.472591886995,0.408252305954
154,0.288394663013,0.253239340948,0.152168699392,0.415672440622,0.365001951887,0.339281643097,0.289139053672,0.0803181195432,0.478711812148,0.407962774181
155,0.201760573883,0.172154225918,0.097367260663,0.428110023294,0.365289155603,0.240143048448,0.200972045519,0.0515476406613,0.487439036016,0.40793027642
156,0.126065365591,0.102737377053,0.0504819263613,0.451386630137,0.367858992829,0.149991431341,0.120116027833,0.0267961440166,0.505185621627,0.404562378301
157,0.579062318443,0.503726216213,0.27942589076,0.425088963705,0.36978482008,0.685272693858,0.581348185298,0.147693536954,0.484526415097,0.411045930577
158,0.423057628974,0.36165130266,0.185347647705,0.43611644721,0.372814648509,0.503248122822,0.421140312268,0.0980375475018,0.492209833661,0.411902983138
159,0.306056114285,0.254871765089,0.121912099295,0.448210596693,0.373252552649,0.364926194133,0.299868605909,0.06437515021,0.500467955388,0.411246521892
160,0.2067227171,0.168395456671,0.073044988245,0.461266642645,0.375745868789,0.248568997216,0.200875003861,0.0387546919623,0.509155392588,0.411461576455
161,0.144581654535,0.115088248451,0.0493590265604,0.467857992284,0.372419011449,0.170736162671,0.135539352646,0.0260950060529,0.513692255158,0.407795950398
162,0.438535994865,0.355475883242,0.14603782164,0.466502989132,0.378145839883,0.526015578199,0.425251091911,0.0772383620213,0.511437048693,0.413465251628
163,0.31949571875,0.251952284859,0.0893160967476,0.483524632433,0.381304439396,0.383953823649,0.303490980971,0.0471282486221,0.522689774631,0.413152891508
164,0.212917894957,0.163523855132,0.0554389316357,0.493001664503,0.37863202049,0.256411400193,0.199732867269,0.0293592477952,0.528135002395,0.411393246377
165,0.467326779914,0.363640903928,0.112455209407,0.49535238466,0.385448462752,0.565844847831,0.445512224025,0.0595218843024,0.528392909933,0.416024819111
166,0.332131073209,0.250702350569,0.0620070652833,0.515059272553,0.388781962085,0.39157425376,0.297982846133,0.0329604658158,0.541958109179,0.412422978036
167,0.338382095105,0.250378078762,0.0467807927194,0.532431602203,0.393960565763,0.399403961543,0.29981094082,0.0248252698494,0.551632322171,0.414080533549
168,0.650474344984,0.675941406778,0.663741596008,0.326845686705,0.339642193385,0.718417661654,0.690039121673,0.352128392351,0.408056180172,0.39193736901
169,0.501845293912,0.521859876318,0.513946393451,0.326371270166,0.339387601616,0.554569423299,0.533259978941,0.272146678923,0.40777880654,0.392109821877
170,0.357578708825,0.368241916236,0.360067043554,0.329296223873,0.339116030948,0.396688781718,0.379010500702,0.190539605644,0.410549385476,0.392253412054
171,0.25499835925,0.260074669481,0.2536596923,0.331712638572,0.338316117378,0.283503440891,0.269083768836,0.13430242293,0.412735070399,0.391742364483
172,0.169517551999,0.172474259594,0.168846032794,0.331842195839,0.33763015307,0.188925536268,0.179102306981,0.0894052738459,0.413012371006,0.391537692152
173,0.104770202926,0.105842063059,0.100934400352,0.33629056012,0.33973100821,0.11690262628,0.109867382951,0.0534953933591,0.417114011217,0.392011935601
174,0.0617766604757,0.0616051406606,0.0570653894207,0.342353129938,0.341402603557,0.0697320835398,0.0646300331168,0.0303521806651,0.423351734935,0.392376582772
175,0.0482869692281,0.0480518043325,0.0465322432268,0.337975961212,0.336329966798,0.0539613528685,0.0498809234129,0.0247302841402,0.419695716501,0.387959322342
176,0.680818850072,0.693279451987,0.629250059572,0.33984047064,0.346060358381,0.760776757718,0.720089313458,0.333412436916,0.419327437505,0.39690119805
177,0.500691033484,0.510202561827,0.466895466589,0.338810894188,0.345247217605,0.560123202159,0.530746759871,0.247394113245,0.418544600059,0.396593444954
178,0.371210865096,0.373051509044,0.336782165214,0.343381656891,0.345084310094,0.417551930852,0.391869168575,0.17816541132,0.422800358559,0.396794776266
179,0.256778659606,0.255502760956,0.22395057392,0.348774111327,0.347041099641,0.290657288669,0.270968139705,0.118370786166,0.427439568713,0.398484776695
180,0.172048217348,0.169141981591,0.145811352756,0.353280634834,0.347313023958,0.195630046984,0.180927209227,0.0770645216609,0.431262466942,0.398850359601
181,0.110991845086,0.10774660167,0.0889790481397,0.360693970694,0.350147792885,0.126504555164,0.115212511722,0.0471714126604,0.437901003745,0.398813105677
182,0.0643391213507,0.0606565229037,0.0489803867862,0.369816008366,0.348648733627,0.0742258769092,0.0658770730358,0.0259050331128,0.447122334372,0.396830753693
183,0.680641341791,0.672462608435,0.531494041052,0.361159963526,0.356820187407,0.774387291001,0.717053095464,0.281485489445,0.436784922327,0.404446178606
184,0.520966540257,0.504339722599,0.376090672469,0.37174802308,0.35988356324,0.598351777223,0.546356020415,0.199036797371,0.445286834601,0.406592162264
185,0.381939772833,0.367055329833,0.271026269462,0.374442911952,0.359850626529,0.440178036096,0.400320991351,0.143433105175,0.447366257795,0.406858337154
186,0.266404903732,0.253082224133,0.17488981027,0.383660356646,0.364473832919,0.307491662868,0.276585905169,0.092578696409,0.454428162458,0.408753926775
187,0.180410342894,0.167031394481,0.11052706038,0.393935883358,0.364722215356,0.211598312673,0.187517260273,0.0584325954612,0.462461282294,0.409830643462
188,0.120034490121,0.107902397106,0.0648450630063,0.409979133023,0.368541834699,0.141129271882,0.121503850305,0.0342783839971,0.47532436077,0.409225805582
189,0.525084116602,0.486118059678,0.292316820291,0.402820455999,0.372927483955,0.614630327564,0.544131300202,0.154737960605,0.467933399451,0.414260731423
190,0.396392181166,0.363586348209,0.209963051706,0.408676345976,0.374853862645,0.467059631427,0.410981804468,0.110897587491,0.472283548714,0.415578508634
191,0.275328701549,0.246404223803,0.130962714843,0.421833216883,0.377517802523,0.327311997383,0.283208735104,0.0692386642742,0.48151154503,0.416630849758
192,0.185709814437,0.161967414238,0.0770737438692,0.437220457259,0.381323233394,0.222674161252,0.189148224266,0.0407830218652,0.491982989199,0.417909775669
193,0.123339500616,0.106317598618,0.0497031183306,0.441507032358,0.380575300037,0.147247844175,0.122949784874,0.0262666158265,0.496679942759,0.414720449428
194,0.553445810636,0.495010960736,0.234869335958,0.431258904089,0.385724998431,0.655807910829,0.566486604202,0.124349484144,0.486994269629,0.420665450222
195,0.405355092165,0.357163039815,0.156955359017,0.44085565939,0.388442998425,0.485266160815,0.415451088914,0.0830502425115,0.493273222222,0.422306177213
196,0.288462184162,0.24794018937,0.100245328997,0.453095460827,0.389446452701,0.34766262498,0.292685427767,0.0531111423802,0.501345468375,0.422065825681
197,0.198386305237,0.1670006564,0.0591568415982,0.46729290058,0.393364960523,0.240427153153,0.199268024271,0.0312584580455,0.510511300998,0.423116012412
198,0.415567152721,0.350625887495,0.116935326502,0.470562568684,0.39702709222,0.501602921518,0.417579429312,0.0618796747907,0.511285635789,0.42564019237
199,0.297063165773,0.243634390516,0.0686368766408,0.487520727074,0.399836899655,0.362938817119,0.296979537954,0.0363272889474,0.521279838856,0.426544195291
200,0.4378811108,0.356832637175,0.0841011198204,0.498263202918,0.406038461855,0.530980910352,0.430910647849,0.0446010595461,0.527555692897,0.428130957199
201,0.312939987586,0.252024817657,0.0590445065069,0.501498906656,0.403879898763,0.37800820446,0.30478094406,0.0312070192452,0.529426097122,0.42686635842
202,0.677227575988,0.69141129442,0.598938681168,0.344193587412,0.351402308827,0.759888938556,0.720396398041,0.317116919893,0.422770660163,0.400798650074
203,0.487928896922,0.498503124641,0.442193472672,0.341537302037,0.348938981316,0.544008880458,0.515214496179,0.234061798514,0.420641085903,0.398376557683
204,0.361023285553,0.365046960224,0.313929617751,0.347137820123,0.351006738583,0.407363274678,0.383998382829,0.166032187015,0.425491846442,0.401087164938
205,0.248616299118,0.248975993955,0.21343224935,0.349659237177,0.350165119627,0.281468568529,0.263509045678,0.11286802198,0.427864156948,0.400563644696
206,0.174296335221,0.17335599372,0.147097745527,0.35229168062,0.350391041187,0.198056287982,0.184677770774,0.0778212062974,0.430038049742,0.400989381269
207,0.111151833498,0.109171740868,0.08593496678,0.362934640392,0.356469212122,0.127791231607,0.118197136371,0.0455025681692,0.438405506862,0.40549163529
208,0.0624431829597,0.0601674873304,0.0489848597285,0.363897491694,0.350635516694,0.0712460503508,0.064364557171,0.0259462567439,0.440996739288,0.398401872081
209,0.665144578339,0.658118570681,0.46208577771,0.372557189455,0.368621819986,0.764293313636,0.709075585996,0.244598659225,0.444882273647,0.412740963786
210,0.501671331217,0.493355021299,0.345084445858,0.374350637145,0.368144948834,0.576309939604,0.531636992317,0.182666126148,0.446539678179,0.411925936278
211,0.349952352971,0.340460785726,0.236073185693,0.377719933644,0.367475241419,0.404567695972,0.37100828937,0.124771279506,0.449346282004,0.412072434554
212,0.263195902129,0.252976879428,0.169574658397,0.383808800142,0.368906779214,0.305900820773,0.278067390229,0.0897072852329,0.454077404451,0.412761621557
213,0.17673058545,0.166668050418,0.10360933068,0.395363390982,0.372852528121,0.207874788486,0.186701382953,0.0549305022393,0.462450950472,0.415347299352
214,0.112248575696,0.103284325757,0.0556805367342,0.41387542021,0.380823039031,0.134071729238,0.118192015249,0.0296746241318,0.475535592743,0.419212240703
215,0.521550928002,0.495873783874,0.282216960089,0.40130363565,0.381546540535,0.611169464194,0.551280739666,0.149194903422,0.465956424341,0.420297179935
216,0.375989927893,0.352018112144,0.184275315172,0.412141606822,0.385864885219,0.44471521638,0.397225176867,0.0974225764401,0.473422128326,0.422866548592
217,0.27978682159,0.256964294174,0.12233072144,0.42450998616,0.38988222656,0.333421986188,0.293892357972,0.0646329062722,0.481860410572,0.424732315634
218,0.185914522525,0.167916402173,0.0734087769515,0.435152729972,0.393026213445,0.223523651856,0.194888935794,0.0388011035569,0.48888223637,0.426253499276
219,0.118634213279,0.105241078645,0.0481032969865,0.436189531515,0.386946189648,0.141286760949,0.121454221159,0.0254623161803,0.490232977165,0.421418567659
220,0.542837689856,0.499176683451,0.212006334269,0.432877771935,0.398060957395,0.647478060739,0.572638738728,0.1123486997,0.485924822177,0.429758773556
221,0.404329618382,0.36720742964,0.144966253189,0.441165479544,0.400661327848,0.484859159737,0.424440804433,0.0767955208887,0.491695953469,0.430425664516
222,0.278414803942,0.247933371158,0.0873258998651,0.453685132386,0.404014738885,0.333447666236,0.2879570794,0.0462826644485,0.499406849972,0.431275286984
223,0.19367311867,0.166147115907,0.0534604837957,0.468623649883,0.402020003646,0.235829395235,0.199219985899,0.0282002299579,0.509076294051,0.430048900482
224,0.545950665694,0.48739086442,0.15203821379,0.460570267462,0.41116854487,0.659268102197,0.572361377066,0.0805338925081,0.502428368586,0.436196733867
225,0.397465509715,0.348484125248,0.0952389175484,0.472504658472,0.414275876922,0.481606943247,0.412638436714,0.0503293584484,0.509866423125,0.436851018702
226,0.282740003322,0.241731852519,0.0568052293719,0.486411748398,0.415863378531,0.344018340095,0.289618925414,0.0302501784607,0.518187748872,0.43624702959
227,0.407128557391,0.348167334619,0.0638267410967,0.497030042799,0.425049095883,0.497261472126,0.420400356231,0.0336975729814,0.522685192816,0.441894362571
228,0.636671035133,0.665604694355,0.63541234429,0.328572510586,0.34350456266,0.704101393067,0.678959489007,0.337153528781,0.409310251457,0.394694687315
229,0.489693452151,0.510669484868,0.489032223449,0.328786788858,0.342870380153,0.542299309829,0.522234161656,0.259246028393,0.409659848849,0.394502378761
230,0.350779903808,0.364959055464,0.348538976045,0.329594264964,0.342917055172,0.389129912163,0.374208635198,0.184499987811,0.410544515467,0.394802090559
231,0.24809061619,0.256982274605,0.242823029777,0.331718103235,0.343607001371,0.276133239762,0.264746317812,0.128550704133,0.412489926968,0.395480056634
232,0.167121737388,0.173150400904,0.161654136798,0.332960726868,0.344971780713,0.186682732851,0.178089443624,0.0853037318372,0.414780550132,0.395687572552
233,0.105590000908,0.108352193633,0.0986602099547,0.337777315175,0.346613436349,0.118131315177,0.112545930776,0.0519964320472,0.41790702273,0.398147898213
234,0.0611435550701,0.0627393446055,0.0552097337358,0.341407426455,0.350317840608,0.0686834443005,0.0650629716971,0.0290158297702,0.421986339501,0.399742405803
235,0.0436493998474,0.0444379592564,0.0400791563899,0.340567890757,0.346720507188,0.0488399433399,0.0459648309904,0.0211422126148,0.42122649865,0.396429715006
236,0.641521913905,0.660930917385,0.551280052148,0.346070310149,0.356540536822,0.720626430071,0.687908112761,0.292188110738,0.423717781708,0.404479890544
237,0.479757835894,0.494879981473,0.419376586064,0.344155580253,0.355003492256,0.538745405992,0.514670330428,0.221972294199,0.422416859072,0.403540191747
238,0.350179305978,0.359698373083,0.301031948079,0.346400208858,0.355816547223,0.39487088161,0.376043020929,0.159264063093,0.424511110991,0.404269972868
239,0.255306391852,0.260500264912,0.213376859816,0.350126389375,0.357249250687,0.288931773032,0.274182818993,0.112925232718,0.427388686964,0.405571992889
240,0.168366936377,0.169690910862,0.134778040286,0.3560790135,0.358879085406,0.19205297211,0.180604117955,0.0713725036954,0.432522910204,0.406738921218
241,0.108467531151,0.108104721084,0.0812723688767,0.364174886713,0.362956768131,0.12488842758,0.116388137822,0.0429540265936,0.439391223525,0.409484908028
242,0.0607364986364,0.0594829852241,0.0447885318332,0.368082110321,0.360485428384,0.0698429170567,0.063909398998,0.0235638792033,0.443965206139,0.40624805916
243,0.67000012736,0.675165134321,0.443355919654,0.374611234327,0.377499098902,0.770151984499,0.724370486991,0.234928523996,0.445315875679,0.418844181698
244,0.493871649237,0.495956110094,0.329450769759,0.374349796762,0.375929797354,0.568883556755,0.533621615904,0.174285305144,0.445557487031,0.417939846185
245,0.364374728884,0.364623039048,0.232313407633,0.379039314372,0.379297618,0.42137685925,0.394429139277,0.122867093711,0.448906933345,0.420198621372
246,0.25098904362,0.247008446035,0.153597189335,0.385191978561,0.379082969827,0.29213003436,0.269883102138,0.0813544720191,0.454063944924,0.41948506354
247,0.17071534528,0.166335610231,0.0934987165333,0.396505575,0.386333148139,0.200459634678,0.184061899306,0.0492873256302,0.462092071739,0.424292623876
248,0.114120054994,0.108629985223,0.0558556487931,0.409611359334,0.389905840076,0.135531855275,0.122499390583,0.0295713189927,0.471247032672,0.425932886401
249,0.509306798938,0.49778604489,0.258666043816,0.402372682436,0.393270827287,0.597478279062,0.550286477763,0.136904824857,0.465083230413,0.428348647473
250,0.374818660445,0.361299059506,0.17300001215,0.412288361793,0.397417239537,0.443114711798,0.404320771246,0.0914826583487,0.471941793712,0.430624091091
251,0.26083360735,0.248202358903,0.110260291189,0.421177431989,0.400781299613,0.310629372546,0.28082952226,0.0581736116692,0.478161682874,0.432289824571
252,0.177476783503,0.165379045525,0.0621422566297,0.438216351602,0.408345252439,0.213806496147,0.190582319659,0.0327156551281,0.489142780192,0.436010913482
253,0.518994493772,0.491971409979,0.185249044887,0.433863909127,0.41127341749,0.6192384562,0.559219354358,0.0981033841601,0.485083252383,0.43806701682
254,0.368421307704,0.347157495091,0.121181259725,0.440295042996,0.414882964234,0.44222798267,0.397888847796,0.0641209633314,0.489061600503,0.440026783359
255,0.264326138459,0.244433427189,0.0736185193829,0.453873772474,0.419716046108,0.319607521973,0.283997583209,0.0387095694617,0.497587140058,0.442147119504
256,0.185837662431,0.170200723742,0.0520371610467,0.455400142687,0.417081407847,0.222869916799,0.196016170466,0.027633386602,0.499126980665,0.438986834702
257,0.520211065981,0.481662236773,0.132354012423,0.458647979131,0.424661115394,0.627178082022,0.559172830334,0.070117882006,0.499159298533,0.445035191358
258,0.383379954585,0.352470949255,0.0844384650347,0.467371599745,0.429690987875,0.465289750607,0.412914671422,0.0446421356721,0.504189723334,0.447435890589
259,0.268654069667,0.242243685806,0.050354256401,0.478669232329,0.431613037782,0.326269350006,0.285585557095,0.0267001768943,0.510949420314,0.447237151896
260,0.394676677497,0.354132001824,0.0557064485278,0.49057707411,0.440180662321,0.48088405403,0.42116877555,0.0295532871658,0.51618816728,0.452088890336
261,0.653447536356,0.68360024107,0.566121609312,0.343347019403,0.359190435614,0.732237973447,0.70653667839,0.299961672299,0.421132269041,0.406350674672
262,0.545447692108,0.571310470574,0.474449270191,0.342788552165,0.359042107755,0.611772236429,0.590783992243,0.251039293383,0.420868272602,0.406429425022
263,0.486175413727,0.510646110548,0.420364811299,0.343056803134,0.360323902179,0.546017733305,0.528485011824,0.222472036249,0.4209933309,0.40747516406
264,0.352215276356,0.366396121516,0.292349633795,0.348396491381,0.362423585123,0.397708944149,0.382241343496,0.154666847238,0.425531406717,0.408981741539
265,0.244631703075,0.252918372933,0.201684087517,0.349856622911,0.361707688392,0.276930880111,0.265160442651,0.106589294041,0.426914066703,0.408768869892
266,0.167193155184,0.171618504049,0.136561433971,0.351709336465,0.361018548384,0.189473119222,0.180390615308,0.0722601720991,0.428552078684,0.408009186121
267,0.102031957801,0.104648796473,0.0768109570982,0.359911608375,0.369142349758,0.11634452479,0.110247755129,0.040489582293,0.43561372467,0.412786380235
268,0.0637489828091,0.0640948139487,0.0455764735622,0.367598220735,0.369592400187,0.0734799655984,0.068676558789,0.0241170238737,0.44192216,0.413033579347
269,0.662428239103,0.682243174246,0.444002838869,0.370345935422,0.381423936416,0.759138721886,0.725724844407,0.23510406717,0.441368027582,0.421940989055
270,0.553881600508,0.570055406293,0.365108500391,0.371970902053,0.382832763364,0.636451436432,0.607498022858,0.193356575089,0.442808574659,0.422664351451
271,0.479756762155,0.492907463871,0.31410234595,0.372839000176,0.38305895926,0.552134323863,0.526341240273,0.166163272439,0.443610071965,0.422886724089
272,0.349087954248,0.35522164026,0.218260711299,0.378386288883,0.385034764314,0.403977423753,0.382655142215,0.115512832726,0.447796357813,0.424161274634
273,0.249384956431,0.2529766036,0.145135336298,0.385152358018,0.390699330042,0.290011241419,0.273910942891,0.0766638472184,0.452728013328,0.427594311161
274,0.165552974045,0.165462045886,0.0880769301466,0.395027807179,0.394810842477,0.193877496514,0.181208323619,0.0466034641591,0.459763868176,0.429720010369
275,0.104567985463,0.103023137334,0.0472783271325,0.410280578909,0.404219247785,0.123390425655,0.113710065355,0.0249667961191,0.470834902771,0.43389644927
276,0.643963765744,0.649974578641,0.323385452104,0.398166259064,0.401882777,0.752203711139,0.710158603705,0.171062828409,0.460506999201,0.434766543566
277,0.566368480493,0.570776865361,0.279910346082,0.399679761153,0.402790707951,0.662617393791,0.62481532261,0.148115124194,0.461578064522,0.435245210881
278,0.462627288861,0.466636835967,0.21429891246,0.404549004975,0.408055193069,0.543666332833,0.512765376933,0.113385276973,0.464744775461,0.438329570134
279,0.350219146731,0.348871613277,0.1572679594,0.408963135183,0.407389573283,0.413396927237,0.386117559734,0.0831684915992,0.468341338027,0.437436281324
280,0.252078390481,0.249162922029,0.0977059053299,0.420869123309,0.416001468256,0.299955032862,0.278701699922,0.0516043335755,0.475921882015,0.44220040678
281,0.173555402308,0.169193265402,0.0612441681463,0.429600198082,0.418802638031,0.207932280845,0.191369061452,0.0324426120991,0.48161017364,0.443246650019
282,0.566561187077,0.561111185731,0.206308456188,0.424714639642,0.420629122649,0.671886801617,0.627906377905,0.109172732613,0.476865192997,0.445650510419
283,0.49304883215,0.487675284542,0.174321303783,0.426865319242,0.42221308002,0.586221236555,0.546852647825,0.0924393864387,0.478347522229,0.446223358691
284,0.355254321754,0.347210860476,0.107761909843,0.438462654766,0.428535238914,0.425757234593,0.393549784381,0.0571149653091,0.485790226886,0.449041433737
285,0.257522411091,0.247648287823,0.0672884359595,0.44985291596,0.432604307865,0.311148769753,0.284664123626,0.0355285964399,0.49283751309,0.450887718005
286,0.58571657998,0.574519711168,0.159363138801,0.443859376328,0.435374325063,0.701679771652,0.652934073144,0.084314289637,0.48764059501,0.453764199559
287,0.508141262816,0.492435423937,0.120418246194,0.453294879291,0.439284254963,0.610433714105,0.56282397793,0.0638346992491,0.493442299384,0.45495710902
288,0.36951650824,0.357081909366,0.0776255287071,0.459469666297,0.444008053979,0.44720366364,0.41138282776,0.0411928836145,0.497014797247,0.457204109344
289,0.504065540929,0.483757720681,0.0834230412107,0.470541218767,0.451584028255,0.609453672082,0.558271740668,0.0442180833652,0.502873008548,0.460641723362
290,0.37369847567,0.352547107341,0.056240931148,0.477578167685,0.450547199168,0.454754862722,0.41286148568,0.0297706053412,0.506754484033,0.460070746469
291,0.631501172904,0.668178096607,0.622035466771,0.328613378969,0.347698898277,0.698393848276,0.679566276952,0.329629327363,0.408994004511,0.397968186042
292,0.546285600098,0.578002317631,0.535606486324,0.329108646167,0.34821631799,0.604593963495,0.588516182356,0.283674222489,0.409398945748,0.398511925622
293,0.478436928123,0.50561694833,0.470121120773,0.329009183238,0.347700207537,0.529652597003,0.514788212884,0.249226644356,0.409419434079,0.397929321941
294,0.349498987325,0.36849535139,0.343418260218,0.329277217622,0.347174465199,0.387868500091,0.37649397881,0.181752742474,0.409959052901,0.397936710355
295,0.242421221373,0.255665286527,0.235758831112,0.330343750223,0.348391238502,0.269441842095,0.26186511986,0.124802370082,0.410666071855,0.399118115035
296,0.164802944875,0.172959697656,0.158181640868,0.332301329789,0.348748243393,0.183435619083,0.177472955953,0.0836672536766,0.412608169936,0.399196142685
297,0.10422168981,0.108809711101,0.097608532525,0.335506413025,0.350275992844,0.116402214834,0.112182794591,0.0516174738201,0.415421781727,0.400363313315
298,0.0615258015125,0.0641996867472,0.0574721822753,0.335843798302,0.350439427312,0.0686886564583,0.0659459473212,0.030549206729,0.415831649887,0.399227667156
299,0.0450740389962,0.0473932351001,0.0437980332945,0.330781472256,0.34780118291,0.0506192169052,0.0491363465568,0.0232906609004,0.411383747592,0.399332420084
300,0.649605186396,0.688847003534,0.560516005806,0.342083236494,0.362748046587,0.727396820167,0.708173623946,0.296862380356,0.419870144396,0.408774074206
301,0.556461241672,0.589098719519,0.47689291866,0.34297528673,0.363091419686,0.62397920642,0.607225124378,0.252681578031,0.420503492019,0.409212811285
302,0.486726099669,0.513542001711,0.420604818742,0.34255427968,0.361427115992,0.545564380642,0.529759851198,0.222540277185,0.420355419883,0.408178086013
303,0.351576723755,0.369790910709,0.288688071007,0.348076568303,0.366109422189,0.396568822027,0.384029933774,0.152729428468,0.424897510555,0.41146291331
304,0.239450795971,0.251196030479,0.196425266053,0.348508982658,0.3656036,0.270336528247,0.261135439717,0.103848478385,0.425512085752,0.411029491051
305,0.162267127696,0.170097936166,0.131325606347,0.34994693256,0.366834933489,0.18350598831,0.177094828695,0.0694939388233,0.426664091629,0.411757702913
306,0.0990197456327,0.103169727124,0.0753553012326,0.356770348112,0.37172282382,0.112783566374,0.108508663295,0.0398005420142,0.431967402417,0.415594283195
307,0.0581239261841,0.0601377153541,0.0456124668126,0.354686452723,0.366975088129,0.0661407047988,0.0629654313209,0.0240718866638,0.431789780263,0.411060478368
308,0.617296574678,0.651944010034,0.410795295061,0.36743059009,0.38805362307,0.707236442341,0.679932534669,0.216865064055,0.440911117991,0.423889092913
309,0.53586153028,0.564669391242,0.344914193738,0.370724232019,0.390654328746,0.615109118314,0.596202783224,0.182656391955,0.441264784275,0.427701825075
310,0.463149334075,0.488798759341,0.301461754261,0.369511484957,0.389975202642,0.531100246577,0.515417738657,0.159591704334,0.440341580182,0.427339024896
311,0.338814011236,0.354261193498,0.210231723255,0.375081825166,0.392182526804,0.390405143684,0.376649487222,0.111238732971,0.444504262176,0.428842460519
312,0.24234757764,0.252514312458,0.142333936523,0.380334533773,0.396289965986,0.280660448201,0.269777270244,0.0755288615442,0.448363310715,0.430977114223
313,0.164565628843,0.169793762344,0.0877526224338,0.389862461936,0.402248116294,0.192189482593,0.183709845358,0.0464666999254,0.455030636719,0.434954123279
314,0.104168683339,0.106186444056,0.0535551720179,0.394712459389,0.402358090199,0.122374564261,0.11566550217,0.0284405455558,0.459225019594,0.434048470947
315,0.615133368051,0.646769440502,0.306258726809,0.392264032869,0.412438021159,0.716948634905,0.69295678728,0.161801473718,0.456159247487,0.440894411729
316,0.534109927949,0.55953354583,0.256346663214,0.395639874184,0.414472321314,0.624093564137,0.602346748599,0.135475007795,0.458246966408,0.442279148724
317,0.460250419808,0.48239299961,0.226257825502,0.393746196959,0.41268926841,0.537195268845,0.518969842881,0.119626429704,0.456879684805,0.441379125972
318,0.338552452762,0.352511903059,0.149165114068,0.402928562845,0.419542417508,0.398371890519,0.38419075904,0.0791187569501,0.462319237145,0.445861725851
319,0.241733698102,0.247708143809,0.0933537982065,0.414782955572,0.425034311785,0.286306589665,0.27287310984,0.0493544047303,0.470485692868,0.448410545836
320,0.164711077168,0.167362769216,0.0560705715647,0.424355135746,0.431186850762,0.19634206971,0.185925850788,0.0297830952125,0.476499419305,0.451220464697
321,0.611245273055,0.641514785676,0.234516796075,0.410982844976,0.43133515028,0.721123577854,0.694721539966,0.123596280722,0.468431977039,0.451281575657
322,0.537160416033,0.558694258455,0.184111960587,0.419667514225,0.436491267151,0.636937460814,0.611232132066,0.0971936397272,0.473431594811,0.454324986183
323,0.46373006734,0.482430639676,0.161142500726,0.418792309186,0.435680702723,0.549841935183,0.528293144531,0.0850217277502,0.472715227779,0.454189100851
324,0.342875118843,0.349432061859,0.0991157066139,0.43323882129,0.441523826843,0.41192765641,0.392793748107,0.0526099897036,0.480476580219,0.458158596262
325,0.243679938661,0.246407604796,0.0564308782044,0.445876898203,0.450867884832,0.293920106244,0.278774084842,0.0300057682478,0.487672351212,0.462542066786
326,0.524456214348,0.542251728554,0.126865770667,0.439399936833,0.454309375608,0.628575517619,0.60068421703,0.0667346341899,0.485014080873,0.463492922094
327,0.463194105623,0.478144146918,0.105277042646,0.442563860621,0.456848040648,0.555582585174,0.530738220142,0.0553952407896,0.486620633098,0.464860086667
328,0.340894116426,0.343924360137,0.0631450585164,0.455763015759,0.459814341218,0.418681681515,0.398273521613,0.033429181564,0.492344037652,0.468345290415
329,0.55184174368,0.570626118882,0.0925207049977,0.454195009249,0.469655545836,0.664502108356,0.633603107691,0.0486045644121,0.49342636253,0.470482294615
330,0.454058575323,0.467259511445,0.0785766509651,0.45410637559,0.467308701418,0.545628075307,0.51598920985,0.0413417016032,0.494694799949,0.467822662532
331,0.349300606156,0.354730578846,0.0482072250617,0.464348272414,0.471566692288,0.436752016707,0.418728380608,0.0257837158447,0.495597188386,0.475145162903
332,0.631334587213,0.680073348181,0.541695489014,0.340690421753,0.366991577061,0.710180029216,0.694507048274,0.286033419447,0.420045791426,0.410775790281
333,0.535134500661,0.575439547976,0.459009799801,0.340940371675,0.36661918288,0.602735926912,0.588900990352,0.24237186954,0.42031536519,0.410667630332
334,0.4705673229,0.501011455045,0.407985817398,0.341098433874,0.363166361863,0.527850813614,0.515566838537,0.216207136231,0.419054005989,0.409301915374
335,0.328669107835,0.349868860994,0.280576763814,0.342679657239,0.364783116228,0.368863961602,0.360137733113,0.14829562332,0.420454906243,0.410508188854
336,0.238821658788,0.256164982578,0.196419501164,0.345414430242,0.370498563465,0.270715676218,0.263356785956,0.103474968656,0.424620448812,0.413077950315
337,0.163842639463,0.173685486449,0.132924811213,0.348265738257,0.369187803376,0.184945283704,0.179890841478,0.0704041279062,0.424926882087,0.413313888598
338,0.0993040762712,0.105590552719,0.0759475805907,0.353593843388,0.375978215227,0.112751880493,0.109722257358,0.0400470552772,0.42949629761,0.417955807875
339,0.0545022928455,0.0573640231874,0.0430732629906,0.351764818189,0.370234794421,0.0619195924545,0.0598178282298,0.0228561645513,0.428231946484,0.41369627935
340,0.620602810586,0.673860556843,0.411569253978,0.363769603699,0.394986911966,0.713405016247,0.698223545843,0.217016699041,0.438035853032,0.42871432012
341,0.537112903049,0.583972954264,0.352828654586,0.36441252102,0.396205444447,0.618223292941,0.605538170996,0.185870719873,0.438570642783,0.429571754924
342,0.454194449343,0.485752901981,0.30216415945,0.365663183541,0.391070284566,0.523756654937,0.513642717885,0.15993939561,0.437433973363,0.428986959603
343,0.325607819462,0.347747793693,0.202018607123,0.3719641405,0.397256151298,0.376196091149,0.368701581275,0.107026609922,0.441583951702,0.432786796803
344,0.231226060096,0.248591000153,0.140463749861,0.372776420498,0.400771708718,0.267688353678,0.259884105976,0.0739159597362,0.445043237822,0.432068345122
345,0.156061277992,0.166558346214,0.0841398755649,0.383669657573,0.409476229339,0.181166911567,0.177094106376,0.0445464444397,0.449760564254,0.439649517237
346,0.0986304501735,0.104625400478,0.0511790506614,0.387645129126,0.41120695289,0.114575913897,0.111294336329,0.0270924004185,0.452936089993,0.439963512579
347,0.58564722068,0.641698615917,0.302104172929,0.382913607527,0.41956168029,0.683046306618,0.671231749734,0.158958432235,0.451381070817,0.443573595268
348,0.524406596241,0.569859218465,0.256637449398,0.388189598897,0.421835695869,0.614790638072,0.600130240785,0.134819252671,0.455488151913,0.444626507553
349,0.440716792768,0.473465940022,0.215500630922,0.390124177203,0.419113846615,0.52279121853,0.516624562871,0.114198000585,0.453176987561,0.44783147613
350,0.324406491322,0.346485311806,0.143068094664,0.3985534081,0.425678602528,0.385313447455,0.37868520126,0.0758867881952,0.458769054113,0.450877208507
351,0.229682575542,0.246955915258,0.0874257638268,0.407192219075,0.437815219156,0.274471309628,0.270690384009,0.0462850103903,0.464067696648,0.457675023236
352,0.150148063897,0.159445722955,0.0487462292983,0.419010038315,0.444956509932,0.17948080794,0.175330905106,0.0259553996809,0.471366360016,0.460467564676
353,0.617473196716,0.671547382211,0.225660708795,0.407658826792,0.44335886873,0.730350776523,0.713766599368,0.118582594977,0.467364683009,0.456752167834
354,0.520569586442,0.566761063225,0.18286387782,0.409834537291,0.446200208677,0.617370501113,0.603187139571,0.0959885631709,0.468931891114,0.458158732147
355,0.452186565677,0.483137131481,0.159887105394,0.412876283382,0.441136199858,0.547106895836,0.540811633529,0.084760497504,0.466544453598,0.461176179618
356,0.321713224592,0.340417651234,0.093722857562,0.42562894166,0.450375034477,0.391727075976,0.384151937558,0.0495955211582,0.474547741345,0.465371033767
357,0.228604918742,0.244842871039,0.0642567304679,0.42514970608,0.455348359217,0.272155855721,0.265596336228,0.0339243820732,0.476066132649,0.464591953383
358,0.60048050872,0.648728334877,0.161516677479,0.425653679436,0.459854397744,0.71545850174,0.699538861233,0.0847414286174,0.477055408417,0.46644046627
359,0.529948632952,0.571990258516,0.13261354927,0.429263768362,0.463317911529,0.633774172194,0.615998253841,0.0698186426881,0.480280737886,0.466809959874
360,0.452993139083,0.483180778026,0.103536959009,0.43569144989,0.464726097538,0.558337533078,0.551783856318,0.0547950988691,0.479294042708,0.47366816581
361,0.322467686783,0.345198187917,0.0685172325874,0.438026468674,0.46890262015,0.385689654019,0.374673839957,0.0360511465362,0.484282475986,0.470450718631
362,0.504242342907,0.541983819951,0.0840733916112,0.446113900438,0.479504586026,0.606180712943,0.589955029413,0.043979941585,0.488809810885,0.475725802885
363,0.460142953382,0.49097722787,0.0732574944257,0.449192679914,0.479293174312,0.570248117341,0.562213816976,0.0387051863266,0.486905845707,0.480045765515
364,0.635561900958,0.680970154197,0.632572244072,0.326078959043,0.349375943846,0.702910343477,0.687568747349,0.334878618445,0.407399775537,0.398507940501
365,0.561831848811,0.601141038079,0.556556085343,0.32673590145,0.349596341665,0.622108893599,0.60811907017,0.294491350569,0.408015355842,0.398840012356
366,0.473254630668,0.505288012114,0.469743276057,0.326768785439,0.348886919041,0.523201053169,0.512378195297,0.248839502135,0.407344608543,0.398918339566
367,0.342765147348,0.366433861041,0.338788521244,0.327069872166,0.349654791378,0.379083491797,0.371597966528,0.179296558771,0.407626293126,0.399577150962
368,0.240186046372,0.255915632805,0.23475182421,0.32863774376,0.350159959033,0.26628033416,0.260465801525,0.124293574191,0.409007822597,0.400076673625
369,0.157724031813,0.167843703718,0.152971088314,0.329595058861,0.350742082679,0.175164503435,0.171150250052,0.0809093100797,0.410006173277,0.400610042008
370,0.0977999062566,0.104408047692,0.0905025925298,0.334118149938,0.356693836105,0.108995680591,0.106643252649,0.0479054764874,0.413576143405,0.404650027521
371,0.0588183650228,0.0622601506295,0.0555803255898,0.332948889562,0.352431557865,0.065601156754,0.0638898751254,0.0294289597341,0.412793608205,0.402025412138
372,0.0437970202108,0.0466515683132,0.0438960894289,0.326004876994,0.347252820313,0.0484235883858,0.0473168403907,0.0232412970696,0.406983408935,0.397681577185
373,0.64117049072,0.694235775438,0.558501180133,0.338543729777,0.366562672742,0.718678222216,0.706155457577,0.295290275595,0.417806065641,0.410525913185
374,0.544095197548,0.589303783451,0.475112756698,0.338260010665,0.366365858352,0.610673325417,0.600084478301,0.25108854167,0.417741117145,0.410497642378
375,0.472308963272,0.507312534089,0.410355690511,0.33979619766,0.364979035998,0.53103954829,0.52218823185,0.217277691014,0.417975018878,0.411008251209
376,0.338209376592,0.363854385426,0.294384147694,0.33941500935,0.365151436297,0.379966970305,0.373881926932,0.155713016783,0.417747230231,0.411057148688
377,0.233805938202,0.251919098608,0.200522627618,0.340701980235,0.367096475028,0.263103009313,0.259202732727,0.106022684257,0.418734849963,0.412527464744
378,0.155322603074,0.167365396317,0.126858109524,0.345509837576,0.37229862076,0.175231213831,0.172536045939,0.0670867579998,0.422392471388,0.41589580563
379,0.0974473290137,0.105638673152,0.0771254829594,0.347763507874,0.376996228777,0.110065139369,0.108775542326,0.0409272513328,0.423705644058,0.418741224362
380,0.0561112780945,0.0608207852832,0.0447452696677,0.347057172688,0.376186223125,0.0632777190297,0.0623849343195,0.0237866723644,0.423405851633,0.417432022672
381,0.605400669182,0.663730983121,0.413641505051,0.359763683261,0.394426890054,0.6925700889,0.683974769494,0.21806966393,0.434318187377,0.428927969687
382,0.527209788545,0.578210104574,0.349233244125,0.362429898267,0.397490019971,0.604794248163,0.596903897662,0.18414715578,0.436408196112,0.430714667049
383,0.443379809054,0.481015205109,0.297874755389,0.36275118644,0.393542585353,0.512165786376,0.507891079326,0.157560201887,0.434917088477,0.43128712491
384,0.331652699395,0.361406825372,0.211191510679,0.366770605058,0.399675323782,0.384950725175,0.382464643532,0.111874513158,0.437797287464,0.434969913132
385,0.230946974822,0.250443179435,0.137948115387,0.372893112118,0.404372201284,0.269127295511,0.266340691227,0.0730342643356,0.442278224996,0.437698777215
386,0.153596180636,0.16743119317,0.0861950077429,0.377180105012,0.411154201626,0.179301188279,0.17813975646,0.0455455057419,0.444931059258,0.442048997547
387,0.0943883764158,0.103159923273,0.0535308450004,0.375930770884,0.410866156966,0.1095845337,0.108894928998,0.0283636932844,0.443943982421,0.441150286563
388,0.589272061337,0.651990097332,0.308303938496,0.380281978559,0.420756557933,0.683545417234,0.678557342415,0.16234519704,0.448388817889,0.445116764687
389,0.516650384079,0.572329520605,0.26168948126,0.382514321755,0.423737686336,0.601767341072,0.597362422976,0.137753307656,0.450127130644,0.44683221414
390,0.444094818909,0.485591080441,0.221406232081,0.385803018527,0.421852488764,0.528237955407,0.528863166333,0.117102046988,0.449869298155,0.450401753647
391,0.316719342828,0.345637136306,0.147028001173,0.391308890316,0.427037019755,0.376979088109,0.376393267892,0.0777610412825,0.4535723018,0.452867456803
392,0.218724200596,0.239008687084,0.0864253542717,0.401949623719,0.439226439403,0.26334264392,0.262992205836,0.0458285483599,0.460257759911,0.45964528088
393,0.147850781517,0.163466186721,0.0538326421348,0.404904667339,0.447669070642,0.178697174723,0.179950693705,0.0286151230419,0.461436229795,0.464673097272
394,0.574537822279,0.640784263697,0.21758177821,0.400960480769,0.447192780837,0.676787540719,0.672989327589,0.113974713439,0.462365027754,0.459770179572
395,0.482756941058,0.543963516283,0.182289957135,0.399299241163,0.449924591029,0.569245871541,0.569001970988,0.0958872460246,0.461250860478,0.461053231745
396,0.429973838956,0.485375085376,0.155330378955,0.401589754874,0.453333770332,0.51036129723,0.512494419674,0.0815985210579,0.462093656476,0.464025037941
397,0.317168499886,0.347041801051,0.0986367805999,0.415769434743,0.454929709309,0.388049579225,0.390230114588,0.0523342290858,0.467184053298,0.469809262558
398,0.223400181976,0.245605680022,0.0603376720831,0.422032513089,0.463981638028,0.27399610847,0.276310766589,0.0319654432183,0.470563514475,0.474538730274
399,0.576477678497,0.647473570704,0.151480760483,0.419124809106,0.47074196772,0.690882799726,0.690750448507,0.0793756831673,0.472880613443,0.472790024524
400,0.517293919577,0.582485816929,0.145815607208,0.415298533498,0.467636475898,0.618261056893,0.61758665294,0.0765478242763,0.471093539123,0.470579666639
401,0.4328460492,0.484945176717,0.106486152553,0.422586750716,0.473451026949,0.522105431232,0.52261989115,0.0560591145788,0.47430306398,0.474770421531
402,0.314188071239,0.351181281856,0.0701194018465,0.427182698754,0.477480151119,0.378365679293,0.377439797176,0.0368412866118,0.477344634352,0.47617654516
403,0.421021083651,0.46973330695,0.0811357394431,0.433198229549,0.483319351055,0.522534692779,0.52818371304,0.0427677530799,0.477861277462,0.483027342177
404,0.628193442782,0.687417361147,0.544514912286,0.337715584117,0.369554248487,0.704523207734,0.696411881501,0.287744602477,0.417203576967,0.412400223038
405,0.519397018328,0.568934106653,0.456904957499,0.33612793813,0.368185879882,0.582491130059,0.576288528395,0.241200305645,0.416071047441,0.411640554274
406,0.446000343451,0.489914208783,0.385995353964,0.337390877669,0.370610891473,0.499967591266,0.496178085057,0.203978642311,0.416596500465,0.413438905748
407,0.336855531108,0.368955293784,0.298777626633,0.335316945558,0.367270092767,0.377093925732,0.373964433376,0.157758944362,0.414928197661,0.411484719699
408,0.228644596366,0.252760356412,0.200109025155,0.335495094406,0.370880663635,0.257185947693,0.255731526131,0.105468515478,0.41589873015,0.413546766187
409,0.155014828134,0.169754063737,0.134991639544,0.337164279102,0.369222784771,0.17489090262,0.174218326032,0.0714200936118,0.415882777635,0.414283420462
410,0.0982269145725,0.108649294586,0.0864163911824,0.334910988066,0.370446763606,0.11057977643,0.109986775262,0.0456499275732,0.415375399506,0.41314788463
411,0.0533618479687,0.0590584174062,0.0445348592152,0.339981559111,0.376275814889,0.0602790578543,0.0603352504066,0.0235149652882,0.418229110367,0.41861898642
412,0.592914495373,0.664383979307,0.403044337269,0.357103660223,0.400148676843,0.678120183817,0.67809104217,0.212465253882,0.432288105622,0.432269528403
413,0.501385429485,0.564753145485,0.352657326589,0.353387988318,0.398051012739,0.572257566346,0.574448711493,0.185816333614,0.429454300758,0.431098659456
414,0.438722210366,0.492273501519,0.307194079634,0.354325494663,0.397575157613,0.50167498239,0.502721700731,0.161904703812,0.430141803835,0.431039271979
415,0.311333412478,0.352453773822,0.210686196671,0.356023886536,0.403046885916,0.356520833433,0.358976545707,0.111019328289,0.431353450242,0.434324608905
416,0.222000748545,0.253703911025,0.146604284355,0.356737197356,0.407681608149,0.254897473003,0.257787820484,0.0772670547369,0.432064511261,0.436963800992
417,0.147432708025,0.165916858776,0.0897344541888,0.365761727947,0.411618546348,0.172655581372,0.175441178214,0.0475255129208,0.436415220706,0.443456272323
418,0.092845055519,0.106134329783,0.052084838395,0.369805996855,0.422737768927,0.108988768572,0.111875767142,0.0275606587889,0.43871866052,0.450339859314
419,0.566597130754,0.648861148315,0.310456654798,0.371316328439,0.425227602086,0.661327487515,0.66961918042,0.16341056381,0.442549795636,0.448098464139
420,0.496716473759,0.56929624902,0.27065952191,0.371606783737,0.425905640879,0.57857238769,0.585873295432,0.142376222458,0.442732391629,0.448319157286
421,0.415592156539,0.478669259254,0.224260571229,0.371554749357,0.427948010686,0.484317912838,0.491672441369,0.11788441411,0.442754442159,0.449477815569
422,0.30877647861,0.355701684283,0.154050514275,0.377233549933,0.43456227522,0.361324183985,0.366429522339,0.0811011743274,0.446710766824,0.453022576861
423,0.209199692961,0.243624379215,0.0944427898401,0.382262671981,0.445165596757,0.246558580764,0.252574336202,0.0496603908718,0.44927402948,0.460235816645
424,0.142836245172,0.164985888756,0.057327432121,0.391171888049,0.451830986797,0.172638843431,0.17957370493,0.0304517695258,0.451149572515,0.469272144111
425,0.536410258987,0.624386796244,0.230052443275,0.385670958334,0.448924773611,0.636527653164,0.651096138671,0.12096095533,0.451891627,0.462234267396
426,0.475705975731,0.554365541336,0.188627098089,0.390339309338,0.454883212668,0.566043216904,0.579130630294,0.0993467843733,0.454828311034,0.465344338698
427,0.410159606963,0.483855025884,0.166137999802,0.386887316346,0.456401286931,0.488551841426,0.503354062581,0.0871703942968,0.452750043898,0.466467536514
428,0.306649716698,0.359770218356,0.105996991374,0.397000254922,0.465772053986,0.368669434937,0.380143348916,0.0557688409022,0.458212595956,0.472473316839
429,0.209838243332,0.244209716633,0.0645727099062,0.40460833037,0.470883115194,0.259019746239,0.272479459136,0.0343093989853,0.457786863337,0.481575318996
430,0.459183760646,0.540836273918,0.129900320301,0.406385953372,0.478649908012,0.555823745525,0.573360854542,0.068365145543,0.464134160241,0.478778319351
431,0.410411068658,0.480716024368,0.110827375719,0.409610497742,0.479778312652,0.503178469749,0.525587844848,0.0582516079883,0.462898043624,0.483513504173
432,0.29532216855,0.35015237648,0.0788390720849,0.4077269315,0.483426471912,0.360111709375,0.374500139424,0.0414374148881,0.464032022483,0.482572636748
433,0.636493446464,0.690528925005,0.644573081193,0.322831666915,0.350238647625,0.702117281164,0.692697544614,0.34117407686,0.404448023888,0.399021873678
434,0.530072330768,0.575617576113,0.533335549473,0.323407015256,0.351195018895,0.585762291087,0.577972626611,0.282351559786,0.405067262717,0.399680541662
435,0.459634731161,0.498395015028,0.462518038682,0.323561611976,0.350847060786,0.507762970342,0.500792319096,0.244560375937,0.405200401186,0.399637745288
436,0.329230724991,0.358364361237,0.332823771834,0.322642728905,0.351193393189,0.364117467948,0.359851504482,0.175953467728,0.404609832692,0.399869464772
437,0.229825785885,0.248324804537,0.234326238175,0.322572996988,0.348537376333,0.25434662145,0.251289422405,0.123969301108,0.403977862457,0.399122123748
438,0.157479880211,0.170207629492,0.160237894905,0.322754008551,0.348839449401,0.174045907756,0.171963899782,0.0847301863419,0.404062567277,0.39922900642
439,0.101542743673,0.110552200096,0.10280828661,0.322456976865,0.351067215039,0.112606121135,0.111822881211,0.054532787337,0.403661452212,0.400853756129
440,0.0569325760213,0.0617965419623,0.0570637113828,0.323861765161,0.351530504316,0.0628459050367,0.0621852470633,0.03021972758,0.404802247602,0.400546825831
441,0.0408763191692,0.0444348856438,0.0421333934043,0.320737949988,0.34866040825,0.0448591020834,0.0443435166524,0.0222851310529,0.402367992613,0.397743399938
442,0.616937371813,0.683586725105,0.557415832928,0.332054530882,0.367927247875,0.691154734455,0.689450150519,0.294470055271,0.412611231802,0.411593615279
443,0.528002505023,0.587395601421,0.49045385221,0.328798991823,0.365784403883,0.590190557673,0.590668072704,0.258933144642,0.409913827758,0.410245483376
444,0.446786306034,0.497589785175,0.400814607943,0.332136035668,0.369902784408,0.499843257976,0.500153755061,0.21156624554,0.412560594287,0.412816872351
445,0.32636931709,0.362105753371,0.29139600053,0.333073734649,0.36954428403,0.365128321337,0.364328933836,0.153813168031,0.413382257285,0.412477225847
446,0.228127494433,0.251948761881,0.204675609378,0.333153520074,0.367941694655,0.257244016912,0.257943234454,0.108349751456,0.412556136601,0.413677509573
447,0.158734997952,0.17589599882,0.141356382932,0.333485728236,0.369539206963,0.179258867735,0.180158002205,0.0747324729296,0.412896784664,0.414967810418
448,0.0951004238524,0.106015777556,0.0844823865833,0.332986323641,0.371205538171,0.107404826648,0.108406484074,0.0448835545812,0.411994407804,0.4158366677
449,0.0574784611803,0.0642350776663,0.0507540237214,0.333271139943,0.372447297972,0.0645554752183,0.0652027693392,0.0268708970526,0.412154944825,0.416287599287
450,0.583239148559,0.668690609548,0.426193040068,0.347554511025,0.398475373957,0.668694336222,0.680052168383,0.224705976793,0.424985402564,0.432203817035
451,0.495610657424,0.56903370148,0.370707439062,0.34528863107,0.396441974913,0.567035194528,0.577117889952,0.195449383345,0.423286167462,0.430812799927
452,0.434504828495,0.496621046645,0.321873821719,0.346771694825,0.396345703746,0.496889000502,0.503819707261,0.169560120761,0.424593895344,0.430516215575
453,0.304126706056,0.350944108588,0.221501470705,0.346949944847,0.400359576105,0.347926828726,0.355831997874,0.116640109183,0.424094685586,0.4337304479
454,0.209813859291,0.240497124492,0.14671335602,0.35143267251,0.402826331288,0.244654477369,0.252165541332,0.0775736605934,0.425935183809,0.439011692541
455,0.141098490896,0.163143649173,0.0959957680901,0.352536548936,0.407616684595,0.16454492088,0.170674115884,0.0507540946511,0.426311853047,0.442191701941
456,0.094604050063,0.111986828857,0.0614172383653,0.352989495324,0.417848645746,0.110612209985,0.11678599826,0.0325465163221,0.425522041922,0.449272430725
457,0.558190327725,0.6585718817,0.32150244325,0.362870151605,0.428126512921,0.653050218632,0.675505291146,0.16912727207,0.436040412928,0.451033622963
458,0.475213989619,0.565058474354,0.285190219767,0.358526871747,0.426310360364,0.555316633822,0.577154601158,0.149819013503,0.433066253509,0.450096693662
459,0.402741061824,0.474710570007,0.23628407978,0.361612775478,0.426232691524,0.468701412075,0.48619486689,0.124173088789,0.434357072938,0.450568685776
460,0.293943836264,0.352490884798,0.163954731787,0.362719227442,0.43496479817,0.34574039893,0.360686335033,0.0861487662554,0.436223929247,0.455081358096
461,0.205613958347,0.243224909085,0.1060578282,0.370544571567,0.438324666554,0.247047991102,0.261350513978,0.0562132997122,0.437553712136,0.46288531653
462,0.134326863171,0.162627107828,0.0636659358715,0.372488763409,0.450965420183,0.161842974917,0.174166642054,0.0336097654169,0.437863874647,0.471205381408
463,0.456347298463,0.555417203335,0.209073317271,0.373798461462,0.454947573428,0.543481722715,0.57309420768,0.109757533843,0.443176133217,0.467323305114
464,0.394455924116,0.480822869391,0.183807472463,0.372449286513,0.453997832698,0.466069104946,0.495435495351,0.0967489482905,0.440413458162,0.468163320607
465,0.27952273878,0.346906735019,0.120784240505,0.374086735065,0.464267087686,0.335821836656,0.358575605541,0.0636361012116,0.443017119197,0.473033955633
466,0.191998180911,0.236875503985,0.0669787577452,0.387208299083,0.477713697896,0.235929337361,0.259639678273,0.035466509258,0.444281646522,0.488930902176
467,0.128129227785,0.157786240887,0.0508964306566,0.380417758519,0.468469912142,0.155488221034,0.169699385478,0.0269901656337,0.441504925444,0.481857172427
468,0.441787198807,0.549377095645,0.159555253413,0.383922563605,0.477420494563,0.535281596649,0.573401060912,0.0838783803959,0.448850481956,0.480814853632
469,0.378846805018,0.475113133347,0.128566096843,0.385584494906,0.483562894337,0.460376296799,0.495907618747,0.0674759183278,0.449691696789,0.484398393391
470,0.578310425132,0.652805354247,0.56049870927,0.322787312112,0.364367088111,0.646815590472,0.65487947531,0.296307428003,0.404765069509,0.409811297452
471,0.506858014703,0.57187323921,0.491887568734,0.322712301288,0.36410695642,0.566775962297,0.573433245365,0.259788549522,0.404840621628,0.409595831438
472,0.449944613743,0.507226462682,0.444448582885,0.321017624685,0.361885950524,0.502155837501,0.50795667529,0.234800447488,0.403366221996,0.408025855218
473,0.330427157766,0.372328890091,0.323076515999,0.322106325543,0.362952886475,0.368927867355,0.372977521166,0.17064122175,0.404283861452,0.408721611552
474,0.227075969771,0.25858329603,0.223334666543,0.320279144026,0.36471863049,0.253776906297,0.258253536745,0.11791707275,0.402854047258,0.409960401892
475,0.151254538269,0.171610835157,0.14853066874,0.320865100127,0.36404810352,0.169858030121,0.173781120954,0.0786178982304,0.402262153824,0.411552918394
476,0.0950312441235,0.107913037667,0.0922509364635,0.321926773358,0.36556499223,0.106716231557,0.109255232967,0.0488229489417,0.403015419247,0.412603995442
477,0.0541426844442,0.0618674355118,0.05328336228,0.319815528212,0.365444875341,0.0601920751953,0.0620009563308,0.028231124548,0.400148997118,0.412174200932
478,0.558346469014,0.661238598438,0.479471638534,0.328621444503,0.389179829083,0.635820385022,0.663539498028,0.252925006469,0.409602895265,0.427459870613
479,0.493104092521,0.585541642223,0.407459065684,0.331809770333,0.394011002491,0.564444941226,0.589292105773,0.214796163554,0.412445190861,0.430601246085
480,0.414228982894,0.494399397683,0.353198237947,0.328277258391,0.391812464902,0.473299943337,0.495905812704,0.186091736428,0.40967798028,0.429245121657
481,0.309426014312,0.36821626059,0.262619220783,0.329085063817,0.391610485253,0.353849354254,0.370029795108,0.138381300503,0.410374097883,0.429139241126
482,0.208119790773,0.251336228148,0.169686604807,0.330799063557,0.399490065796,0.239192429532,0.252664141105,0.0893581511299,0.411538835088,0.434717380071
483,0.142662773419,0.171126515439,0.114622596251,0.333003771319,0.399443902905,0.164750751494,0.175607835485,0.060692351427,0.410797571373,0.437869154933
484,0.0874080744013,0.106545713469,0.0693714676454,0.331939578792,0.404616386911,0.101321638332,0.109260641581,0.0367139893514,0.409717617793,0.441820824495
485,0.462720427932,0.574799942843,0.326490572425,0.339235128749,0.421404201856,0.53909496925,0.579374487395,0.171951274401,0.417766823083,0.448981075285
486,0.39688106305,0.498232925774,0.290040706469,0.334877011943,0.420394846135,0.461749674558,0.499914264501,0.15244234814,0.414457471305,0.448713260346
487,0.28963300731,0.362412171104,0.200942645753,0.339551162519,0.424873791672,0.338643627282,0.36500708904,0.105782425248,0.418371339015,0.450941616169
488,0.194445221227,0.250158251124,0.132416512941,0.336981779112,0.433534812486,0.225245393294,0.248981211617,0.0694894241021,0.414270283152,0.457925090179
489,0.131064858644,0.168970808218,0.0833978871294,0.341818959972,0.440678199545,0.155662820214,0.175635207641,0.0441627193597,0.414591462273,0.467785804359
490,0.375349217067,0.493274914772,0.227019922427,0.342583173436,0.450214568182,0.443997244294,0.495231033003,0.119373093038,0.419418731863,0.467816353616
491,0.273254804661,0.359588353739,0.155158909186,0.34676914681,0.456329200811,0.324800446316,0.36191555255,0.0815392599338,0.422776730254,0.471087634487
492,0.182271258898,0.249908289341,0.0973366357354,0.344222262538,0.471955904096,0.214144880635,0.247652610931,0.0511630355129,0.41746853672,0.482790776011
493,0.122374323882,0.16709379633,0.0598120670562,0.350361481534,0.478394716966,0.146452254981,0.174076870001,0.0317320218901,0.415749100579,0.49416994053
494,0.25182620967,0.349680530829,0.110293429701,0.353787790749,0.491262218623,0.304452381367,0.352969621559,0.057853641029,0.425643434025,0.493473564411
495,0.183131809495,0.255383809921,0.0849599224785,0.349838330234,0.487861971539,0.216541104946,0.254123446719,0.0446094072119,0.420244612046,0.493181233674
496,0.62835747233,0.691788279305,0.677560753913,0.314539433388,0.346291248181,0.69257447871,0.691513658121,0.358960353157,0.397335176094,0.396726575361
497,0.548283495143,0.602515233616,0.594093578826,0.314221968175,0.345302246446,0.603337213945,0.601602844991,0.314578125571,0.397058238655,0.395916844646
498,0.453830243979,0.499353362487,0.489810003442,0.314506066321,0.346053758699,0.499535858534,0.498402265453,0.259092640933,0.397393502589,0.396491700412
499,0.332006269281,0.364147558048,0.36308583897,0.3134382896,0.343782025573,0.364683594331,0.363124451711,0.192128365242,0.396422611235,0.394727773852
500,0.226837103514,0.251584946968,0.246306070119,0.312996138919,0.347143901025,0.249790729198,0.250504078199,0.130265941634,0.396140624963,0.397271918025
501,0.154622199109,0.171352098077,0.167005874163,0.313647907351,0.347584158625,0.17040260766,0.170673021467,0.0883316705739,0.396832116685,0.397461854015
502,0.0959580858649,0.106485049185,0.10518636743,0.311927448737,0.34614706433,0.105440487105,0.105826894369,0.0554814384365,0.395280050876,0.396728631843
503,0.0588002071857,0.0649996897608,0.0642547795085,0.312676123211,0.345642506669,0.0648396179892,0.0651402367057,0.0339910285118,0.395433730191,0.397267096644
504,0.0442063832678,0.0485389062185,0.0488769523711,0.312142942295,0.342735050525,0.0483094033574,0.0483219070308,0.0259323693842,0.39415757953,0.394259597301
505,0.601192439165,0.685051215651,0.620356507092,0.3153217183,0.359305128226,0.66961846855,0.683664946748,0.328224699058,0.398224940358,0.406578440455
506,0.535094584904,0.605699973921,0.551245818193,0.31624220803,0.357970165575,0.594978883699,0.604543815311,0.291439758814,0.399056918286,0.405472191562
507,0.442942996256,0.503810571498,0.457688220191,0.315387223634,0.358726560134,0.492623065763,0.502061748056,0.241787190933,0.398410205706,0.406043764943
508,0.325585955241,0.374262853568,0.342725772686,0.312290325335,0.358979453567,0.360670826081,0.371171386391,0.180961845777,0.395124038748,0.406627668925
509,0.221746433368,0.254420554609,0.227254908963,0.315239594236,0.36168984178,0.247672407871,0.253690186111,0.12000966253,0.398589420875,0.408274079592
510,0.153734333153,0.177659285505,0.160444311981,0.312571120639,0.361215096351,0.171530257367,0.176573752167,0.0847675820214,0.396261294834,0.407912544071
511,0.0913173923896,0.106113069138,0.0950195122939,0.312249617246,0.36284178026,0.10188948359,0.105207337606,0.0501474716171,0.396080637885,0.408978315732
512,0.0560368983967,0.0643966735547,0.0590451913621,0.312220216822,0.358798291039,0.0619398096768,0.0639786594615,0.0312822150856,0.394017430539,0.406987156432
513,0.0436669832179,0.0497187855014,0.0469900062638,0.311072072251,0.354183515691,0.0479484221952,0.0492420346807,0.0249214379786,0.392659717977,0.403253382804
514,0.551008339551,0.663548019241,0.503930869888,0.320635690714,0.386123334621,0.624987694088,0.660842967328,0.266066748888,0.402724877262,0.425829028994
515,0.483780694848,0.580634413314,0.447393639291,0.320001253904,0.384066049553,0.548166094191,0.578468946235,0.236022675512,0.402277173335,0.424515224527
516,0.414859311804,0.502383367148,0.385370856828,0.318482266926,0.385673381512,0.471703725781,0.50103764332,0.203422782945,0.401052629397,0.425992955531
517,0.297954416063,0.36286632771,0.274090530188,0.318698067252,0.388129160292,0.335969323398,0.358979609886,0.144439961124,0.400254668171,0.427667809614
518,0.208947442632,0.257962146483,0.192435036707,0.316901714898,0.391240235198,0.238676731858,0.256376512317,0.101382359343,0.40017183825,0.429847766976
519,0.136506465232,0.170536846955,0.12608832368,0.315161613534,0.393729833687,0.155906313749,0.168789494653,0.0663755005417,0.398664668524,0.431607972236
520,0.0853252111719,0.109030043804,0.0757817659937,0.315859006906,0.403610150924,0.0973674463398,0.107080874502,0.0399531656719,0.398391383492,0.43813511951
521,0.449674761133,0.575711224558,0.374967500508,0.321115179535,0.411118499887,0.517453055876,0.569920275087,0.197522388161,0.402719884715,0.443553719267
522,0.383201658154,0.493885783371,0.32485362218,0.318819008457,0.410906822543,0.441841173048,0.488983337959,0.171123433249,0.40096374366,0.443744498556
523,0.275268436228,0.358813866524,0.229203998622,0.318861119179,0.415637159947,0.319011605331,0.355245317437,0.120595570512,0.401346926666,0.44693238109
524,0.191941382116,0.254498889577,0.152852832624,0.320279644022,0.424665139218,0.223960240327,0.252194641859,0.0804401509002,0.402375563945,0.453102573447
525,0.128088475323,0.173368145176,0.103231946767,0.316511227852,0.428398920056,0.149379262865,0.170651186571,0.0543481270169,0.399005905414,0.45582519221
526,0.255074225494,0.354240326735,0.180876683757,0.32280062582,0.448296957246,0.300810177496,0.349503777797,0.095011683937,0.403595638823,0.468927619555
527,0.17712512269,0.254549705104,0.122283980884,0.319744211871,0.459510167753,0.208785836095,0.248489349603,0.0642070045091,0.400370022248,0.476505917689
528,0.112500552558,0.16811284598,0.0777363713282,0.313940630128,0.469130609579,0.13183991582,0.162127599664,0.0408026326003,0.393822198826,0.484295271224
529,0.248995279769,0.368948188655,0.15987243433,0.320121096634,0.47433870579,0.293974449506,0.357922223802,0.0838931330151,0.399535909549,0.486446293121
530,0.161340457818,0.247864244819,0.0962546941511,0.319195683853,0.490374195028,0.190502530419,0.239611655806,0.0504028247023,0.396453249493,0.498653846497
531,0.584319222706,0.672373422213,0.629842101445,0.309731492533,0.356406593363,0.648521424259,0.667753036378,0.333277960022,0.393149933362,0.404808618395
532,0.441917124756,0.507816511933,0.474289257147,0.310330070302,0.356606985836,0.491583902499,0.505274559378,0.25075096552,0.394020670015,0.404994181899
533,0.319433711496,0.369080068091,0.357295764857,0.305441572218,0.352913271878,0.354077687146,0.3658013855,0.188816738063,0.389654803041,0.402556478405
534,0.226793120433,0.261365639256,0.249545883453,0.307430788922,0.354295776346,0.251326346158,0.258831397201,0.131733589422,0.391540332955,0.403232422659
535,0.154465082893,0.179601471393,0.169901677485,0.306497658296,0.356374588854,0.171661855101,0.177834287198,0.0897718648711,0.390790707037,0.40484233838
536,0.0907201042052,0.105828097173,0.100308799811,0.305602036811,0.356495203918,0.100607836432,0.104502548025,0.0529109673661,0.389920584949,0.405015117108
537,0.0574743577602,0.0666316846273,0.063672118462,0.306075837042,0.354842567026,0.0633748299796,0.0655427407061,0.0336561467012,0.38982211269,0.403157052441
538,0.0447488605558,0.0523416103178,0.0500485780574,0.304126340906,0.355728888409,0.0489974061554,0.0509931177606,0.0264241423826,0.387592734214,0.403379760068
539,0.412055418348,0.507719578198,0.442512318737,0.302473210846,0.37269640002,0.462038213647,0.498781370156,0.233606425232,0.386828660924,0.417590848142
540,0.29075206502,0.359404583315,0.30718835377,0.303706672496,0.375418038978,0.327431397927,0.353764780713,0.16201062035,0.388316837956,0.419546878816
541,0.198523639628,0.252319934912,0.215751235784,0.297817559563,0.378520701037,0.223268013499,0.246312365951,0.113657056728,0.382808097783,0.422319197418
542,0.133238855909,0.168792816101,0.14420011572,0.298586652885,0.378262644531,0.147892106451,0.163240552464,0.0758982021831,0.38211967395,0.421776578748
543,0.0842637163434,0.111120587409,0.0922954668362,0.292908035107,0.386264863817,0.0940186233975,0.106610922234,0.0486835257527,0.377110686077,0.42761866292
544,0.0513862658475,0.0662713590552,0.0579324959765,0.292648957642,0.377420772441,0.0557348018877,0.0622840428598,0.0304719891408,0.375341699068,0.419447054265
545,0.377867138324,0.497616043669,0.382571463506,0.300358287039,0.395544061182,0.426320151431,0.481441478862,0.201616436681,0.384287524805,0.433974217802
546,0.26929272018,0.359636308852,0.27318540562,0.298512815931,0.398659299793,0.306153442241,0.349015422949,0.143841884054,0.38316561139,0.436809421249
547,0.184334432998,0.253525287881,0.19255054445,0.292403920329,0.402159199848,0.208590296091,0.243195593128,0.101321228575,0.377124591928,0.439689863508
548,0.122447759781,0.172444400085,0.129762511669,0.288346668455,0.406081486074,0.137924930567,0.163794460417,0.0682939081049,0.372756684439,0.44267181969
549,0.070754018805,0.104378223703,0.0754755471328,0.282329686984,0.416500316501,0.0779086424151,0.0958363256315,0.0397031755076,0.365000328032,0.448991141528
550,0.25376767683,0.365302157584,0.245451383424,0.293535510285,0.422548515926,0.290074157256,0.348719811467,0.129112159917,0.377746896968,0.454117760571
551,0.174444415093,0.260939814983,0.169813994314,0.288243435064,0.431164211108,0.197806463479,0.244576973604,0.0892691667321,0.372059615733,0.460031554156
552,0.10950412733,0.172245788563,0.109954441797,0.279558103403,0.439734164763,0.12203931722,0.157005132253,0.0577814510239,0.362321653531,0.466131410979
553,0.227426063043,0.357231662747,0.211036859317,0.285820800216,0.448955754423,0.259360070581,0.331928707665,0.110939352443,0.369338765064,0.472679309129
554,0.156518749798,0.258268284629,0.147522392083,0.278349859382,0.459299226464,0.176626431401,0.235136982505,0.0775963703585,0.360933687403,0.480499195205
555,0.102959395908,0.173158293951,0.100055346105,0.273702222287,0.460315539383,0.115534005259,0.156365744545,0.0524912800516,0.356156596903,0.482028570932
556,0.146246998342,0.251691783494,0.135390330795,0.274215291981,0.471925828786,0.164050821278,0.225458871526,0.0710472741277,0.356200932907,0.489535253431
557,0.619476747238,0.685900736998,0.699736782155,0.308948351534,0.342075635536,0.68035210955,0.683008616571,0.370903307441,0.392300189812,0.39383196754
558,0.465139807939,0.51373848431,0.530192117928,0.308229360805,0.340433740431,0.50970252984,0.510881761376,0.280748779899,0.391677227878,0.392583399835
559,0.335952966719,0.3716205688,0.37874461031,0.309258358621,0.342091835828,0.368292420839,0.369189329831,0.200364234787,0.392700322387,0.393656672371
560,0.234440570817,0.259122909455,0.267957271675,0.307858413862,0.340270319348,0.256813334336,0.257267002398,0.141727085191,0.391598700701,0.392290470948
561,0.157245137828,0.174883601859,0.179758677039,0.307186956916,0.341644658855,0.172352896063,0.173460855782,0.0951394414274,0.390864379014,0.393377026017
562,0.0982177994749,0.109518552788,0.113218275202,0.306017708019,0.341227523818,0.107469192975,0.108346994818,0.0598551666831,0.389845340221,0.393029573291
563,0.0555341515749,0.0619554804786,0.0639974760889,0.305995021593,0.34137675735,0.0606184016457,0.0611724456352,0.0337631031081,0.389693746087,0.393255494201
564,0.0455600706171,0.0507928454809,0.0528473003562,0.305361960591,0.340434127296,0.0493452845374,0.0497833795691,0.0279403049766,0.388334657104,0.391782351965
565,0.609242418721,0.700175430683,0.698481712446,0.303422755947,0.348710385712,0.671677610369,0.692500729742,0.369751694006,0.387372960358,0.399382164284
566,0.45837720992,0.528347752066,0.514909871681,0.305252115656,0.351848359015,0.507494272603,0.523562318422,0.272212054068,0.389401121951,0.401730157779
567,0.329739203862,0.377771159634,0.374052520498,0.304872891574,0.349282658664,0.364358561433,0.374336083647,0.197805158699,0.389064215457,0.399718272376
568,0.229672381008,0.266766193365,0.266178655867,0.301163377774,0.349803522379,0.253937303719,0.263587013186,0.140649696878,0.385820920305,0.400482254945
569,0.149913143527,0.174172166421,0.172787964354,0.301713034853,0.350536395151,0.165734802034,0.171940281851,0.0912570870017,0.386389301814,0.400856577149
570,0.0924168081614,0.108238607787,0.107227939731,0.30016825027,0.351557191353,0.101984367716,0.106505267809,0.0565959823903,0.384722372033,0.401776862308
571,0.055353140096,0.065138036511,0.0639529123711,0.300107964439,0.353158709894,0.0603566428277,0.0632952238141,0.0338500869128,0.38321202668,0.401869452319
572,0.0434595842013,0.0505155880065,0.0513094877302,0.299134018828,0.347700769152,0.0468869092377,0.0486538099253,0.0271237564058,0.38223706595,0.396641404936
573,0.401448719877,0.494869445308,0.454695038179,0.297146407509,0.366295047358,0.44806284446,0.484812899826,0.240275837391,0.381930904291,0.413256826652
574,0.288488145415,0.359442701022,0.329373129417,0.295187733339,0.367790073408,0.322167136845,0.351198128458,0.173750813499,0.380310496881,0.414580878874
575,0.197141663838,0.251384749691,0.225251495492,0.292591462555,0.373097346062,0.220936714734,0.244851928449,0.118874457924,0.377887221403,0.418791485191
576,0.130324039772,0.168017145414,0.153734863523,0.288279018861,0.371656817241,0.145139633071,0.162401152644,0.0812030304319,0.373355477419,0.417758806439
577,0.0780241234012,0.103752425135,0.0902528232184,0.286822422512,0.381401554053,0.0868984192949,0.0992799352141,0.0475329628355,0.371819474907,0.424797294124
578,0.0523880312688,0.0675111585048,0.062289516136,0.287548182568,0.370556221736,0.0564623039376,0.0631580138374,0.0327106134214,0.37065554247,0.414610567541
579,0.382840485785,0.511157982052,0.437469311724,0.287532670082,0.383905633992,0.428050590427,0.490527861298,0.230948721834,0.372371006335,0.426721414318
580,0.271358771983,0.363790434224,0.31332614973,0.286099971164,0.383552858751,0.302413848237,0.347730262789,0.165209399172,0.370899057224,0.426477912267
581,0.185412884748,0.257104914214,0.216238920939,0.281458813468,0.390288108564,0.206583525502,0.243396678263,0.113920366727,0.36634743129,0.431630487712
582,0.123481731368,0.174811537494,0.143783949847,0.279321634643,0.395432132885,0.13640670806,0.164677078466,0.0756932722993,0.362035598677,0.437067689259
583,0.0727699119898,0.108987724814,0.0874274628509,0.270334101268,0.404880229084,0.0787719451695,0.0982990044478,0.0459987695325,0.353127019973,0.440664940192
584,0.246248897807,0.360699937722,0.284412304124,0.276261648453,0.404661950892,0.27477201334,0.33660799227,0.149586454288,0.361082948882,0.442342744404
585,0.160947359178,0.246562747357,0.190214018049,0.269266962062,0.412502586421,0.178200781463,0.226081785013,0.10007024895,0.353325640332,0.448261173722
586,0.105894877029,0.171570000744,0.129379692738,0.260283372826,0.421708960079,0.114112607995,0.15155981122,0.0678979449175,0.342094563141,0.454356344319
587,0.0640828478145,0.10406684158,0.0812864493455,0.256910839536,0.41720835684,0.0677117821311,0.0900105954249,0.0426510058049,0.337928027143,0.44921433134
588,0.220543968291,0.341664516004,0.262036096444,0.267571026179,0.414518365044,0.243572794651,0.311226170069,0.137896267311,0.351630534451,0.449297404801
589,0.157371883398,0.253875518465,0.187897740094,0.262660701685,0.423729578506,0.171512617062,0.225985881802,0.098701437101,0.345652235381,0.455433113594
590,0.591004915471,0.681510360321,0.688111442154,0.30143673452,0.34759822157,0.651726569492,0.673944980126,0.364774030593,0.385535374295,0.398678897455
591,0.446200082856,0.514465171127,0.517907751244,0.301777512019,0.347947087704,0.492268519771,0.508628672657,0.273898267844,0.386154904934,0.398988456194
592,0.309188608492,0.358501292456,0.359844306767,0.300903469851,0.348894751887,0.341846625579,0.354484626779,0.19033697435,0.385540628707,0.39979398844
593,0.223832533248,0.25963782295,0.261029330137,0.300648257288,0.348741346324,0.24693447938,0.256171353213,0.137909745153,0.385223835353,0.399633584747
594,0.148578329904,0.172354048793,0.176049749657,0.298961112336,0.346801301214,0.16252400223,0.168975914394,0.0930149265424,0.382846453655,0.398044773025
595,0.091991727631,0.108242287911,0.112162741782,0.294470814675,0.346489793423,0.100882141187,0.105919937904,0.0593136820642,0.379091192304,0.398022039146
596,0.0543099248054,0.0639903718678,0.0656101259902,0.295306399816,0.347943150481,0.0587028153735,0.0616745840034,0.0346534319738,0.378652522611,0.397821410529
597,0.0407256121137,0.0481970624433,0.0482927118517,0.29680062258,0.351251151236,0.0439856159419,0.0463328823328,0.0254891729688,0.379816081868,0.400084742533
598,0.400156213776,0.496814637798,0.473904053744,0.291898416277,0.362406982483,0.444525268772,0.484630037708,0.250530892291,0.376816537512,0.410812670533
599,0.295261107078,0.368565562092,0.356507799303,0.289376783987,0.361220338507,0.327665009004,0.358401240382,0.188249871447,0.374767205129,0.409921802701
600,0.197745751929,0.253264546112,0.246672209322,0.283432291683,0.363008307417,0.218617981613,0.243929763021,0.130129745328,0.368864998782,0.411572511447
601,0.127880658576,0.163601835686,0.156749269154,0.28530030447,0.364993847021,0.139822687,0.156025614875,0.0826521516827,0.369412204624,0.412220417198
602,0.0813946355501,0.107752255785,0.10228631501,0.279290876188,0.369732252328,0.089501381328,0.102350877834,0.0538474762023,0.36427137862,0.416568938027
603,0.046829683274,0.0631904064877,0.0590826482796,0.276930366808,0.373680563778,0.0496316799388,0.056865767813,0.0311852909039,0.360478593202,0.413020312991
604,0.369295555628,0.497803202931,0.448526158788,0.280699727376,0.378377755215,0.409389122743,0.473480183793,0.236778857939,0.365640864454,0.422883008087
605,0.26383631505,0.358041869984,0.327949724645,0.277772754793,0.376954463367,0.292916723705,0.340900543695,0.173015407571,0.363045192382,0.422517027719
606,0.180004821118,0.252610577099,0.231278549045,0.271134903188,0.380498388547,0.19814672437,0.236658101947,0.121893954016,0.355931666047,0.425109790622
607,0.119921797985,0.170755499031,0.155272223416,0.268913391517,0.382903201388,0.130440489902,0.157583793346,0.0817887567516,0.35272009311,0.426117460179
608,0.0702666199376,0.107170757599,0.0939030880026,0.258961079756,0.394967840076,0.074052085155,0.0936549907814,0.0493569776401,0.341153147815,0.431462461141
609,0.247803730008,0.367100171905,0.317474496218,0.265775923707,0.393724449903,0.272654854674,0.338516175012,0.167275209654,0.350255214676,0.434861340328
610,0.166429276264,0.256411119312,0.221420068918,0.258326073748,0.397992944536,0.180786640411,0.231754571041,0.11643992778,0.341763868319,0.438114998537
611,0.104784806776,0.171770707885,0.145745549471,0.248128209175,0.406749408123,0.110089743307,0.147260230453,0.0764476975646,0.329809800261,0.44116614076
612,0.0615348310317,0.104106675093,0.0903559565346,0.24037281617,0.406670730293,0.0628161809033,0.0852051476142,0.0473347415989,0.321547115817,0.436153059198
613,0.240718063726,0.365301963574,0.311362089008,0.262396725908,0.398200441321,0.261720118813,0.330611687212,0.163873659234,0.346096571417,0.437198225087
614,0.153401184879,0.255308342919,0.214400080111,0.246186518281,0.409732637209,0.161457992488,0.218569944439,0.112542262712,0.327786765432,0.443733592895
615,0.586199927719,0.649864676456,0.674439362389,0.306829997727,0.340153534266,0.643144110436,0.64693316683,0.357572452582,0.390340312498,0.392639985981
616,0.464981525602,0.512338419179,0.539847195115,0.306480092651,0.337694118009,0.508468341318,0.509149775027,0.285950366845,0.390058786995,0.390581531843
617,0.329745870648,0.365183217403,0.38634310263,0.304961020444,0.337734772567,0.359236540474,0.361411775664,0.204668180335,0.388230991064,0.390581792329
618,0.235502065093,0.261494659807,0.277842164543,0.303936816159,0.337482621703,0.256503186549,0.258356014322,0.14698314555,0.387559345419,0.390358845606
619,0.1565226459,0.174000550106,0.186635522682,0.302658816807,0.336454832566,0.17020197369,0.171602612067,0.0985733050913,0.386490732679,0.389671270138
620,0.0956879016205,0.107040190119,0.115607187435,0.300588429497,0.336249850775,0.103864029423,0.105097531349,0.0611530886585,0.384518313396,0.389084899952
621,0.0549797164469,0.0612264856714,0.066689778423,0.300606477431,0.334761242375,0.0597339314973,0.0602755482487,0.0352854485645,0.384648308526,0.388135973946
622,0.0399187160051,0.0452830999321,0.0476336219641,0.300512548728,0.340896229557,0.0431804616572,0.0439548109578,0.0252897823069,0.38408219313,0.390969886457
623,0.58879760946,0.678342212617,0.697042865835,0.299767232999,0.345355967544,0.647676056023,0.669656646088,0.36938727151,0.383985525844,0.397017084377
624,0.451221240173,0.520420961079,0.539455230253,0.298604994466,0.344399341981,0.496696396559,0.513891831927,0.28552517609,0.383219859316,0.396486781259
625,0.306154994608,0.354653926955,0.365424534549,0.298328799149,0.345587960364,0.3344126291,0.347743255855,0.193347767319,0.381966001206,0.397192238949
626,0.222651551416,0.258240793217,0.268303431715,0.297187408745,0.344690668808,0.243015909091,0.252644185537,0.141900378879,0.381165268534,0.396267014715
627,0.143806648526,0.168936603308,0.175797506705,0.294359571872,0.345798380903,0.156393640547,0.164033086685,0.0929074904313,0.378370901473,0.396853392909
628,0.0922261165032,0.10883499084,0.113217332661,0.29345352644,0.346301167967,0.100347945587,0.105613631756,0.0598104417378,0.37757152139,0.397384315027
629,0.052863914908,0.0629833834131,0.0661574020913,0.290453569541,0.346053608893,0.0567625953147,0.0601488009765,0.0350102218512,0.373630797307,0.39591995999
630,0.0410007949985,0.0488008659081,0.0514372355768,0.29029393474,0.345520016958,0.0436885677472,0.0460372619918,0.027199237276,0.373645864506,0.393733039177
631,0.402724188238,0.501458798586,0.50056987483,0.286686860893,0.356972968181,0.444334859447,0.486137360187,0.264690775112,0.37177762481,0.406754026291
632,0.294825445779,0.369177778925,0.368949692756,0.285420023309,0.357400393266,0.321487499393,0.353645053991,0.194933826393,0.369497669219,0.406457555666
633,0.198455532875,0.255216812187,0.256327462195,0.279514910915,0.359460396437,0.215348957801,0.241768238774,0.135292440253,0.363513596697,0.408109901905
634,0.130721865064,0.169620356499,0.172925117289,0.276211465133,0.358402836144,0.141021210644,0.159427390546,0.0912255214972,0.360047300742,0.407040908019
635,0.0811009983611,0.10988487547,0.110344904357,0.269142763473,0.364665289523,0.0859647064004,0.100218568484,0.0580161481671,0.352026656437,0.410396417942
636,0.0440014281573,0.0613355786458,0.0609674852469,0.264583521557,0.368814924298,0.0456379141342,0.0537538336449,0.0320777711629,0.347136845875,0.40886917422
637,0.263522813446,0.358500439059,0.349271894602,0.271310748572,0.369095264325,0.289257795281,0.338088577341,0.184400910222,0.356339714827,0.416494867906
638,0.181872408242,0.255781854495,0.253103256651,0.263294141775,0.370291813431,0.194581032664,0.233599313855,0.133313202756,0.346541884435,0.416032052651
639,0.116265878669,0.167376952507,0.167351084044,0.257799218006,0.37112907039,0.123103157942,0.150483341632,0.0879294951133,0.340519257102,0.416256386561
640,0.069267588761,0.107601901067,0.10569190079,0.245141732243,0.380808930873,0.0712240178217,0.0915219200776,0.0554384202995,0.326439614689,0.419470583653
641,0.243427874744,0.360816161753,0.344751509075,0.256511082565,0.380208488266,0.258199055116,0.321544570747,0.181366132611,0.339240237352,0.422468070035
642,0.162388281244,0.250494699485,0.235556664392,0.250429292018,0.386303800778,0.171284401192,0.219885945771,0.12370095639,0.332674204362,0.427069724685
643,0.104580765959,0.170954127797,0.16446123495,0.23768565025,0.388535527119,0.107410725131,0.144343538717,0.0862849781365,0.317746319925,0.427002314494
644,0.0660272089924,0.112241015893,0.107215924455,0.231281523492,0.393160237276,0.0666097470966,0.0908539656674,0.0560483362898,0.311971841364,0.425521491972
645,0.154809610956,0.253154787713,0.236918108897,0.240058629502,0.392559551147,0.160465181524,0.215314548515,0.124286099023,0.320888115521,0.430572408674
646,0.586013654248,0.677498973744,0.708738364836,0.297129349347,0.34351559523,0.636884501972,0.661441725606,0.375312223231,0.380538880225,0.395211836395
647,0.443233572416,0.509908433642,0.537159781055,0.297411957933,0.342151125397,0.482479444422,0.499293667919,0.284365007892,0.381063832383,0.394343760716
648,0.319079358452,0.367644742093,0.389244079737,0.296550924367,0.34168737406,0.347336810604,0.359813401514,0.205766982307,0.380469129867,0.394135857788
649,0.222377825325,0.257111084229,0.277271040653,0.293855171993,0.339752499004,0.241548855834,0.251218701153,0.146633337955,0.377773721846,0.392897012094
650,0.147116006988,0.171724289215,0.184318847844,0.292384643564,0.34129219601,0.159541642426,0.166970049919,0.0974443748297,0.376316450638,0.39383809514
651,0.0942416982536,0.110500737516,0.121263023803,0.289080122699,0.338953641024,0.101651879208,0.10678438,0.0641013542076,0.372982935948,0.391815201806
652,0.0552785390236,0.0651158312894,0.0728808976072,0.286009377291,0.336907210064,0.0589937330589,0.0621577943251,0.0384814129928,0.369558644473,0.389379498858
653,0.0406184046728,0.0476829507015,0.0524007444776,0.288683713431,0.338892957189,0.0431951332859,0.0450166565502,0.0277296300609,0.372559981793,0.388270702482
654,0.407787690281,0.507999484932,0.529502046954,0.282149540747,0.35148638566,0.44057710346,0.483510565865,0.2797937107,0.365963882132,0.401626417592
655,0.29092888474,0.363617621906,0.380381586809,0.281110240006,0.351345783543,0.314497557144,0.346281225598,0.200842500024,0.365006718653,0.401894930551
656,0.19382093411,0.248815954456,0.267834318042,0.272806177516,0.350212580245,0.207715877151,0.23375475173,0.141333006946,0.356407998135,0.401086639411
657,0.133332154696,0.172680880944,0.186008820036,0.270988276553,0.35096180983,0.143107263323,0.161817061744,0.0981568868958,0.35503332598,0.401450270916
658,0.0795421100636,0.105849774916,0.115658900444,0.264214922913,0.351601058829,0.0840640400846,0.0969609376583,0.0607710674802,0.347665074534,0.40100299229
659,0.0464276338972,0.0651681701193,0.0706450402197,0.254759760864,0.357593657955,0.0472009333031,0.0559416621175,0.0371149831752,0.336530359184,0.398849478777
660,0.275400583268,0.374414888968,0.390643146692,0.264691529541,0.359855627275,0.293033302451,0.343679169448,0.205915314429,0.347761262096,0.407865934431
661,0.186254898718,0.261696598929,0.275829368219,0.257336035674,0.361568827349,0.19681780046,0.236993486487,0.145144340372,0.339953169419,0.409346546271
662,0.120275589172,0.174492272229,0.188593981677,0.248831369075,0.360997200601,0.125821879637,0.155427437977,0.0992259326153,0.330696621031,0.408508668786
663,0.0726015299969,0.111803460262,0.121891242864,0.237030437027,0.36501741834,0.0730208016708,0.0939707758061,0.0638926040113,0.316265935588,0.407003958437
664,0.0434832170357,0.0659116449276,0.0722246769832,0.239419267816,0.362910539857,0.0433323632165,0.0538079661949,0.0379472706466,0.320772322537,0.398319062385
665,0.251731242938,0.372430812857,0.385083707572,0.249425117326,0.369018950959,0.263386897851,0.328773030745,0.202510766152,0.331441563898,0.413722354326
666,0.167292608315,0.259128054238,0.273533039047,0.239005248393,0.370207420356,0.172294781213,0.224028868608,0.143644998424,0.319082935228,0.414892363355
667,0.11386679306,0.185559290135,0.197485285112,0.229149100468,0.373425326869,0.114677141976,0.15458093956,0.103481054474,0.307660588593,0.41471615032
668,0.0679964658671,0.11247726689,0.122328518145,0.224557332928,0.371454527022,0.0671081225849,0.0904697843688,0.063989944059,0.302878428789,0.408316386855
669,0.156925799471,0.260163152108,0.269066066959,0.228703128639,0.379160896706,0.159263330688,0.217884592087,0.140992486426,0.307374850253,0.420512641396
670,0.602254631904,0.66484079777,0.71348700758,0.3040795579,0.335679437151,0.654903656122,0.657835969016,0.378465815202,0.387240745862,0.388974605524
671,0.457108653034,0.505955799981,0.543890605012,0.303332637957,0.33574710625,0.49714016666,0.500354367392,0.288218909609,0.386664827307,0.389164762848
672,0.33447603751,0.36957191012,0.402450220029,0.302283408402,0.33400137562,0.36311537426,0.365006898163,0.213011208798,0.385827708296,0.387837544245
673,0.241719935006,0.267068132261,0.293299706262,0.301363445477,0.332966217757,0.262138284953,0.263491286316,0.155181203799,0.385038390332,0.387025728683
674,0.156311516784,0.172590320864,0.189632092709,0.30144896531,0.332842868633,0.169563722896,0.170324938134,0.100371930375,0.38514399473,0.386873005349
675,0.0980798137814,0.109615025548,0.123141736838,0.296460007287,0.331326804364,0.105851869323,0.107278106266,0.0650024020442,0.380580895413,0.38570880233
676,0.055114261116,0.061883569292,0.0709355049394,0.293264954906,0.329284685858,0.0590245600993,0.0600738831036,0.0375537615257,0.376787292599,0.383485717342
677,0.0426717901211,0.0485596457235,0.0546825400017,0.292444845489,0.332796398987,0.0454430990169,0.0464191718854,0.0286988490541,0.376929967417,0.385026050705
678,0.625501594387,0.712396122291,0.764861263786,0.297467089761,0.338791144829,0.678606833001,0.697678251093,0.405393442742,0.380880626207,0.391584812066
679,0.461494382937,0.528497584329,0.569787575068,0.295871544928,0.338828385669,0.501564010439,0.517858561434,0.301610499535,0.37967558973,0.392010293037
680,0.312596266994,0.360974049589,0.390789111343,0.293694271684,0.339146758245,0.33915447819,0.352416912633,0.206731776947,0.377550130467,0.392314004088
681,0.220396857329,0.255421760212,0.280927695903,0.291242723504,0.337526269602,0.238842031766,0.248804727997,0.148614418436,0.375383631675,0.391041818238
682,0.149073733582,0.173304578132,0.193931787047,0.288729067938,0.335659865161,0.161200191984,0.16848424948,0.102477895982,0.373008423032,0.389863333477
683,0.0912162990354,0.107123583391,0.121671866647,0.285040468981,0.334748907506,0.0978320351506,0.103036862822,0.0643608217419,0.368857740587,0.388481588463
684,0.0530428660081,0.0625565825276,0.0725214455395,0.281961587886,0.332533942257,0.0562404373603,0.0592360671131,0.0381952936351,0.365977609767,0.385471295594
685,0.0409129555209,0.0493023179619,0.0555257812586,0.280723613491,0.338287094528,0.0430376778557,0.0454226604606,0.0292205178227,0.365715200141,0.385981730172
686,0.406873951339,0.50440124621,0.549255508107,0.27857952576,0.345354770192,0.436725827462,0.478476888985,0.290278978995,0.362283250847,0.396917589702
687,0.290805315945,0.363507388894,0.403642893069,0.274874783516,0.343594182604,0.31099340097,0.343258543938,0.213210591324,0.358509316518,0.39570417119
688,0.199213854466,0.252334505369,0.284974619024,0.270478804035,0.342602352692,0.212552411726,0.237397683108,0.150551295321,0.353958234254,0.39533244552
689,0.13635662909,0.174699191889,0.204156158403,0.264661216251,0.339082162062,0.143953438676,0.162382126193,0.107726640439,0.34766138235,0.392168432934
690,0.0833706306929,0.10895754011,0.132236775616,0.256868868967,0.335703350938,0.0862936117666,0.0989189428748,0.0697540191488,0.338450685844,0.387968279152
691,0.0485393898298,0.0658686484547,0.0800779582208,0.249577813838,0.338680674384,0.0490889733723,0.0566950684996,0.0421241553828,0.331888119005,0.383312551649
692,0.278487658937,0.374956749352,0.418761251894,0.259733434805,0.349705996971,0.29353847257,0.342952030761,0.220901557816,0.342362013683,0.399994408979
693,0.184390620455,0.256481056362,0.298228668443,0.24947981913,0.347017909012,0.191853465046,0.230854867329,0.157409342033,0.330714738594,0.397944895516
694,0.122383982128,0.172836562045,0.205799604875,0.244269581495,0.344969283916,0.12547131169,0.152799392164,0.10825167806,0.324615902108,0.395318354936
695,0.0726464019478,0.111265074402,0.13412061095,0.228424756019,0.34985486951,0.0714702586621,0.0915254352186,0.0702315557147,0.306440430036,0.392430281528
696,0.259334545698,0.375381378294,0.430105639991,0.243547420967,0.352529842549,0.26793163855,0.330760280514,0.226363660853,0.32474374463,0.400894544035
697,0.178962169992,0.27317609614,0.323271194083,0.230796990718,0.352299153101,0.180407562074,0.232305188403,0.169711824992,0.309752660984,0.398858836298
698,0.117811517076,0.187479012548,0.22794158482,0.220938525427,0.351589875159,0.11537908838,0.153494763839,0.119430096511,0.297136016148,0.395295397692
699,0.0694977913895,0.110384044256,0.13948166573,0.217613443898,0.345637631667,0.0671263036842,0.087886188336,0.0729963109391,0.294402245935,0.385450856262
700,0.593715136283,0.683743406934,0.75354941487,0.292325361857,0.336652253977,0.641255271819,0.665560100805,0.399487631716,0.375815590893,0.390059736818
701,0.454926619127,0.517833856587,0.582247944084,0.292555727245,0.333010323285,0.491366561251,0.506044860168,0.308568147947,0.376243681584,0.387482983684
702,0.324306534144,0.371684599581,0.42001698,0.290595140085,0.333048295089,0.35020594047,0.36254440502,0.222186085304,0.37457727492,0.387774390941
703,0.225605368235,0.257819301114,0.293178281392,0.290502847072,0.331983416839,0.243588488141,0.251661792172,0.155296516567,0.37443653448,0.386846562582
704,0.149775758121,0.173612906688,0.202460181004,0.284826636616,0.330157436058,0.161047997229,0.168264213278,0.107095128095,0.369031368136,0.385566873868
705,0.0900896836731,0.105619894389,0.125867573513,0.280149516941,0.32844340424,0.0960144216681,0.101219799362,0.0664664175366,0.364103864859,0.383843588368
706,0.0522288282054,0.0615282348614,0.0754525394509,0.276036879262,0.325185582775,0.0546643574145,0.0577106652317,0.0399417018216,0.358886114479,0.37888593937
707,0.039252383772,0.0465702606787,0.0580475936359,0.272831853857,0.323696278661,0.0404386677599,0.0422695859558,0.0306624210502,0.356694249579,0.37284408903
708,0.416685174076,0.508175619794,0.58716705764,0.275580356314,0.336088795776,0.444130111518,0.481861145288,0.310550076727,0.359171262193,0.389684624542
709,0.294599178842,0.364560284426,0.428543914491,0.270845144794,0.335165167159,0.312565479472,0.343449539857,0.226518420217,0.354168426335,0.389163202738
710,0.20173909163,0.255564547252,0.308729311749,0.263355631718,0.333620827983,0.212200452603,0.23768994035,0.163160397536,0.346138453607,0.387716554709
711,0.136226822005,0.173631554489,0.215949171542,0.259081145781,0.330218832228,0.141917144949,0.159815666949,0.114066100464,0.341311967708,0.384358068762
712,0.0832426586504,0.108651341131,0.140919623939,0.250117942048,0.326463021305,0.0844814287992,0.096770825201,0.0743871442574,0.330471082998,0.378544253588
713,0.0484054865462,0.0643612551616,0.084720599547,0.245106781218,0.325900661544,0.0481973756647,0.0546824588522,0.0444498651996,0.327139577135,0.371157064444
714,0.267963773132,0.357822769507,0.43691444939,0.252153498625,0.33671067609,0.277382683382,0.3230612719,0.230437910524,0.33384130139,0.388817333962
715,0.184579869575,0.254403442481,0.319416555284,0.243380672287,0.335447635787,0.188222061765,0.22516110627,0.168339129401,0.32355999176,0.387059439293
716,0.126220913666,0.177041546317,0.235806706012,0.234146045867,0.328420836295,0.125406402537,0.152194954316,0.124276981258,0.312050664702,0.378709026795
717,0.0715255629712,0.107487406377,0.145159138338,0.22064070682,0.331575122685,0.0691115907599,0.087674753724,0.0761438359504,0.296705178483,0.376399286518
718,0.25374084141,0.357919251006,0.462257397683,0.236275918541,0.333283752528,0.255036220118,0.310036967296,0.243698744279,0.315337625014,0.383342887094
719,0.177487116979,0.269123251826,0.349708193227,0.222884565852,0.337959284961,0.174466560366,0.224629657074,0.183861274866,0.299278356773,0.385327678328
720,0.112632525752,0.181642080871,0.24668981196,0.208206902123,0.335774543817,0.106600261579,0.144061377672,0.129282943992,0.280567920377,0.379164183478
721,0.0695664482812,0.11297063814,0.159541744891,0.203363791949,0.330247381009,0.0646753005189,0.0871329353197,0.0833633587567,0.275013232913,0.370507907086
722,0.635442378016,0.696659120951,0.766085779581,0.302853031525,0.33202904625,0.688412743088,0.688252333509,0.406538623921,0.386053900005,0.385963944169
723,0.459495102259,0.50307592014,0.556463544097,0.302491537977,0.331181351127,0.497789060052,0.497438249334,0.294791431798,0.385877386243,0.3856054439
724,0.342100932065,0.375097142946,0.415149317258,0.302116589309,0.331256243011,0.370794662067,0.370703497132,0.219809213532,0.385719149343,0.385624315019
725,0.235026921799,0.259029677133,0.292316281515,0.298874653034,0.329398029324,0.254415468623,0.255556938169,0.154719236704,0.382757134248,0.384474426104
726,0.155037564564,0.170501646628,0.195022895229,0.297827219177,0.327533726572,0.16715491059,0.167654054516,0.103217658603,0.38160901996,0.3827485487
727,0.098923860334,0.109400438203,0.127568371755,0.294510327505,0.325700581997,0.106596718135,0.107418874028,0.0674939839474,0.378661072946,0.38158159844
728,0.0552569062239,0.0611684057012,0.0727691001346,0.292064155713,0.323309790365,0.0590090698235,0.0595250828337,0.0385269938845,0.375707621667,0.378993049168
729,0.0440683696669,0.0485919173749,0.0569949001897,0.294466035439,0.324692503306,0.0469790676181,0.0470088325637,0.0300980739458,0.37860094945,0.378840823019
730,0.606861430162,0.68791961846,0.769240012043,0.294019010623,0.33329098795,0.652263016612,0.668945072073,0.407833618388,0.377239608474,0.386887759466
731,0.441263284268,0.500304548339,0.568047336301,0.292301835167,0.331411977465,0.47572356142,0.48852090206,0.301022281538,0.375986773772,0.386101115819
732,0.322432010399,0.368789702378,0.429186302664,0.287780885138,0.329156608393,0.346623323971,0.3583543198,0.227211577309,0.371837944628,0.384422295062
733,0.22120959968,0.254267418798,0.296406902949,0.286584023245,0.329411472035,0.237787106982,0.247048116814,0.156955372998,0.370505750895,0.384935706519
734,0.148981045723,0.170985241014,0.204829291301,0.283883957787,0.325813036865,0.159155318014,0.165267907375,0.10836234361,0.367746360818,0.381870189798
735,0.0902672059238,0.106437360097,0.129872566779,0.276403939094,0.325917982022,0.0954313755444,0.101260414003,0.068695861373,0.359592374451,0.38155661596
736,0.0547280881226,0.0640460019756,0.0815112503181,0.273250593423,0.319773787949,0.0571382703708,0.0603218439828,0.0430985358303,0.355871641331,0.375699745319
737,0.041156815033,0.048656036726,0.0610421106472,0.272823739946,0.322535208321,0.0427139362934,0.044856270643,0.0322173429543,0.356580765967,0.374465215158
738,0.413670706119,0.507617815491,0.613446595483,0.269538828891,0.330752720673,0.435270971606,0.474869794566,0.324685030093,0.352495852389,0.38456420007
739,0.300199912763,0.368359466629,0.451619941545,0.267992728622,0.328839731053,0.316243739385,0.345869414761,0.238855098283,0.351004309567,0.383886350965
740,0.206639087017,0.255856853354,0.31947509234,0.264254145451,0.32719479706,0.216723923657,0.238746941263,0.168976615829,0.347065094084,0.382333100258
741,0.141315259281,0.177026128127,0.235644688789,0.255088106639,0.319549778835,0.144918749407,0.161470160024,0.1246692311,0.336193046322,0.374590211486
742,0.0837235244622,0.109034657975,0.150420393152,0.243964892968,0.317719886177,0.0837981482112,0.0961329812704,0.0795584762349,0.322934508223,0.370469487612
743,0.0470637253691,0.0635470423008,0.0922171001665,0.232037766167,0.313305281856,0.0460908881856,0.0530727195719,0.048437362129,0.312266838226,0.359568908068
744,0.287717455967,0.379575647723,0.493347683457,0.247895351562,0.327039728335,0.294168594923,0.340195124326,0.260673559344,0.328666304699,0.380090452613
745,0.193342181605,0.261265344056,0.356542021723,0.238355778202,0.322092695359,0.194313333218,0.229372157239,0.188182362884,0.317574018895,0.37487205119
746,0.126458279101,0.175689951037,0.251589288063,0.228372243066,0.317280200929,0.123444791588,0.14929727933,0.132608411683,0.304538410306,0.368316520488
747,0.0761850387852,0.111834026393,0.16818202749,0.213882102984,0.313963176124,0.071736343733,0.0900939409095,0.0886102153559,0.28644066648,0.359741898415
748,0.263295472983,0.366591381386,0.490554369924,0.234992668312,0.327184838827,0.263019606308,0.317235396696,0.258671346159,0.313519305444,0.378144514131
749,0.185728120733,0.27420814201,0.402358729096,0.215388147317,0.317998068649,0.177724812581,0.225109262713,0.211893974896,0.289111278599,0.36619325024
750,0.120639888436,0.185973471927,0.286497020819,0.203402085452,0.313556258376,0.111176036468,0.145917210845,0.150410993232,0.272821790319,0.3580753188
751,0.0721653071973,0.113448618151,0.179518032551,0.197641717292,0.310705802922,0.0656363447543,0.0867345513372,0.0940154237055,0.266396059685,0.352026652327
752,0.60968088997,0.684410369845,0.780613431378,0.293863937628,0.329883270978,0.653227509473,0.6653649855,0.41445067946,0.376925121722,0.38392868413
753,0.447276875949,0.503627023801,0.583933498255,0.291416456577,0.328130539727,0.47934574154,0.490231547356,0.309508034327,0.3747566584,0.383267275807
754,0.337236786954,0.381606782775,0.450203227708,0.288471588728,0.326425583314,0.360820401565,0.370632494333,0.238500805284,0.371997551147,0.382113593547
755,0.234879055176,0.266904454599,0.318204707327,0.286441988162,0.325497914522,0.250609133829,0.258215371983,0.168501535923,0.369997783028,0.381227586232
756,0.146795111897,0.168618596976,0.207210528975,0.280880795926,0.32263830256,0.155671883391,0.161918156039,0.109806697048,0.364232737652,0.378847431952
757,0.0954828088673,0.110371010631,0.139926826833,0.276136937912,0.319193719492,0.100440303331,0.105037694206,0.0740684350583,0.359297388982,0.375743282542
758,0.0572760850117,0.0662910549993,0.0858885921302,0.273451981601,0.316491959048,0.0596126116066,0.0622503496899,0.0454676341367,0.356256496024,0.372020128947
759,0.0419597277927,0.0493662243312,0.0633422038897,0.27128873114,0.319175101091,0.0433206733643,0.0452937841572,0.0333595167601,0.355163251992,0.371339742137
760,0.424282268944,0.512054986694,0.640805214059,0.269019620672,0.324672625671,0.443430438641,0.478457842831,0.339477725254,0.351547795229,0.379317216636
761,0.301952165419,0.366762294012,0.473632498569,0.264326143038,0.321060332365,0.314020060392,0.34116560968,0.250850722923,0.346586586168,0.376547357609
762,0.205184018203,0.2517024773,0.332013996037,0.260088592165,0.319054785742,0.211765162356,0.232310055788,0.175758656251,0.341648256257,0.374794062384
763,0.130459140274,0.162740885311,0.2232213261,0.252621507318,0.315131984339,0.132946498412,0.147999737961,0.118210750588,0.333068198115,0.370780777478
764,0.0802060091226,0.102453432489,0.14852742141,0.24217750786,0.309352344335,0.079909516055,0.090685846392,0.0786774407103,0.320570535746,0.363801607088
765,0.0491052885783,0.0648539150295,0.0976416731831,0.23206561959,0.306491712195,0.0478286817815,0.0540736866967,0.0511813436148,0.312434818359,0.353229523621
766,0.294224178436,0.379364859702,0.52705283508,0.245055736435,0.315968373388,0.296201315971,0.337659965941,0.278733897285,0.324570327264,0.369999725659
767,0.197162532665,0.263627999628,0.387994705102,0.232287890951,0.31059446844,0.193671696555,0.228287657084,0.205196347007,0.308809592826,0.364004754878
768,0.131137529632,0.180229113564,0.277616842627,0.222650605303,0.306000283373,0.125727574104,0.151733642275,0.1468411973,0.296315953082,0.35760730409
769,0.0791976424469,0.112697905162,0.186380487409,0.209364683764,0.297925046075,0.0731865951706,0.0904449492897,0.0984569347587,0.27924384692,0.345093189747
770,0.28195139099,0.38083923737,0.557024335156,0.231142754781,0.312210662077,0.276709305526,0.326975795702,0.294214397058,0.308174028446,0.3641563408
771,0.185253546718,0.269823692368,0.431042234099,0.209061590817,0.304500352981,0.173063889025,0.218449263042,0.227392208773,0.279629003035,0.352960689735
772,0.122926100789,0.186943270627,0.315308360553,0.196625846544,0.299024199148,0.110580495463,0.144751713709,0.165985974165,0.262463145044,0.343568636326
773,0.0786842736628,0.118724941882,0.211278064462,0.192529294431,0.290503149206,0.0694963390291,0.089735361243,0.110783673655,0.257379192963,0.332334266519
774,0.630557462264,0.684475199648,0.760057823241,0.303869863399,0.329853182088,0.678688069787,0.673679979329,0.403460644696,0.386534331156,0.383682065171
775,0.463987040383,0.503291722077,0.568670844118,0.302084806947,0.327674631981,0.500797760505,0.497274418161,0.301599576676,0.38532633986,0.382615392015
776,0.345145973101,0.374820911574,0.420718221039,0.302577785378,0.328592798921,0.373507053554,0.371003483902,0.222803314214,0.386128093699,0.383539926841
777,0.237452170248,0.259286706032,0.305034317923,0.296158779022,0.32339158743,0.255311065456,0.255018559993,0.161440233989,0.380057339384,0.379621914276
778,0.154797505824,0.168502698954,0.197962503647,0.296966392037,0.323258687473,0.166456354468,0.165902796531,0.104816909303,0.380753590106,0.379487377273
779,0.0965512512954,0.105557427793,0.122176920065,0.297735241859,0.325507602152,0.103823011418,0.103675472473,0.0646794083836,0.381452771754,0.380910703681
780,0.0547969753321,0.0600334436548,0.0722500283814,0.29290594556,0.320896408467,0.0582470415634,0.0584470141149,0.038042976901,0.37642599572,0.377718333747
781,0.0433260103988,0.0470491549719,0.058067249153,0.29187082774,0.31695223446,0.0457814135418,0.0455674831058,0.0306164260427,0.375364181654,0.373610154925
782,0.621811190388,0.691196517337,0.782895929546,0.296679283976,0.329784492495,0.666029152355,0.672729737985,0.41543840652,0.379677447655,0.383497192242
783,0.468352567413,0.520649783431,0.612320512442,0.292478536435,0.325137294525,0.500745074998,0.507193234991,0.324655135155,0.375767325603,0.380606130729
784,0.328449655161,0.365977962966,0.433598203405,0.29117210696,0.324441121808,0.351254307266,0.356608987559,0.229814302465,0.374600297886,0.38031087507
785,0.227247022836,0.255768013084,0.311100671287,0.286163616679,0.322079025465,0.241325968412,0.247060236995,0.16482071399,0.369447967016,0.37822660731
786,0.158033019119,0.179267981722,0.224250831483,0.281421963249,0.319236749669,0.167131202565,0.17218340176,0.118750023758,0.364863803749,0.375893249999
787,0.096143472218,0.110117888821,0.143772989666,0.274668677587,0.31459166393,0.100549291544,0.104560413393,0.0761377361728,0.357511844897,0.371773741232
788,0.0560014067079,0.0645947392977,0.0863762872147,0.270574229797,0.312093443038,0.0577538864896,0.060013544569,0.0457405517361,0.353217534107,0.367037398072
789,0.0395004756358,0.0464349627404,0.0611748936017,0.26850918698,0.315647188855,0.0406003187018,0.0424061892354,0.0322697811601,0.352200083987,0.367865669232
790,0.42456501387,0.502781198002,0.649031952444,0.269329418207,0.318947070813,0.441447914747,0.470165249411,0.344226480782,0.3515161482,0.374383187619
791,0.313716779136,0.372737028961,0.501149304723,0.264159613384,0.313856561116,0.323001005008,0.345722897811,0.265734815935,0.345655724031,0.369971290195
792,0.216758579675,0.259380312128,0.354681263365,0.260897112722,0.312197905304,0.22238256798,0.239830850176,0.187816229975,0.342111423101,0.368953709828
793,0.14410684618,0.175459220596,0.251828024872,0.252202198598,0.307072164659,0.145346730589,0.159071955929,0.1334923829,0.331909240802,0.363251735427
794,0.0881599781022,0.107893108999,0.162389639218,0.245952760731,0.301005156687,0.0875633770391,0.0959845045671,0.0859611523673,0.324899598904,0.356145777943
795,0.0530011837433,0.0671558813285,0.107898473032,0.232404721166,0.294471609359,0.0510252349973,0.0564657256635,0.0566584139733,0.31084635632,0.343989892069
796,0.305167043566,0.382529692294,0.560095477268,0.244565593819,0.306565218367,0.304635379181,0.340559524796,0.296741012603,0.323414123847,0.361552754069
797,0.210791120897,0.26862689106,0.408486428383,0.237402935857,0.30254031724,0.2075805438,0.235463256594,0.216252092066,0.314851868749,0.357143521273
798,0.133225104403,0.176117474725,0.293458621463,0.221010018348,0.292165102778,0.125363977368,0.147235617944,0.155514839981,0.292828195064,0.343916499436
799,0.0873715854162,0.116668577352,0.202632214747,0.214845143774,0.286885915549,0.0809929600742,0.0949786729999,0.107099547509,0.286122239315,0.335529292682
800,0.0456402285689,0.0631011449979,0.114758617161,0.204206847706,0.28233175667,0.0415757400372,0.0491710172304,0.0601352748895,0.275551299534,0.325890475674
801,0.282049210697,0.374121673945,0.600066135958,0.224519104335,0.297811374613,0.270978685247,0.317899925198,0.317820757633,0.298862770602,0.350612271708
802,0.201443707428,0.274013119528,0.470983036418,0.212843641972,0.289519841811,0.187545511722,0.225100762089,0.249185012449,0.283373596286,0.340118043318
803,0.134724808152,0.189749704167,0.348484427096,0.200197664763,0.281963271537,0.121098139087,0.149388559404,0.183951060141,0.266479043141,0.328732717663
804,0.0824296248969,0.115219017541,0.226988520354,0.194117783651,0.271335218952,0.0723410449619,0.0882709987805,0.119615510578,0.258151077032,0.314997570437
805,0.613760370503,0.67472713299,0.782366872751,0.296380265819,0.325820656793,0.657610270849,0.659535551748,0.415399486539,0.379563101398,0.380674345583
806,0.468594392324,0.515461883521,0.604223031507,0.295032737728,0.324541081115,0.500976828553,0.503355153144,0.320453221901,0.378157022884,0.379952275869
807,0.340745656764,0.376218438169,0.45528863566,0.290675933501,0.320936286477,0.362081080939,0.365259522309,0.24142616152,0.373754647772,0.37703556273
808,0.237744208699,0.263459174615,0.325873539909,0.28745114514,0.318542528775,0.25162839519,0.254695480305,0.172527361039,0.37066794851,0.375186000405
809,0.153488649737,0.172368737079,0.219947894202,0.281215032311,0.315806283071,0.161505694155,0.16534776567,0.116520782113,0.364264945679,0.372930472792
810,0.0980822386381,0.110388440146,0.146391203456,0.276395531746,0.311074380403,0.102135267561,0.104846607095,0.0776655940214,0.358813194564,0.368338448897
811,0.057253803379,0.0652183227497,0.0900433315187,0.269410065568,0.306887430551,0.0588392168456,0.060776010051,0.0477049145663,0.35165650908,0.363231883022
812,0.0407689934491,0.0477938785108,0.0671081825393,0.261891933476,0.307018402776,0.0413842077183,0.042840743485,0.0352449893461,0.346398495956,0.358590146509
813,0.454165296594,0.525794427452,0.695363931211,0.271091078532,0.313846477248,0.471736236268,0.494055747339,0.369236006382,0.353353068105,0.370071452467
814,0.3111684092,0.362870508218,0.490124483394,0.267289290303,0.311700666732,0.321149265496,0.339161849955,0.259992414498,0.348960158301,0.368532597037
815,0.216450346292,0.253321679752,0.354349594222,0.262643693563,0.307383853939,0.221748181822,0.23517752313,0.187797737409,0.343943103744,0.364772719088
816,0.147674325735,0.174922148378,0.25542343009,0.255483115133,0.302623053473,0.149114969138,0.159969953258,0.13532820701,0.335532321778,0.359957757034
817,0.0917743391262,0.109105313554,0.174021093178,0.244796363145,0.291024530517,0.0904829242974,0.0974565701354,0.0924253999304,0.322732717671,0.347606180712
818,0.0530214206448,0.0650640055026,0.110248016953,0.232210489733,0.284951711931,0.0507197724802,0.0550396715363,0.0582201977889,0.309305301083,0.335649419223
819,0.297777695659,0.365025611087,0.562508264103,0.243022022107,0.297904320641,0.294584661419,0.324914148082,0.298844662671,0.32077830392,0.353804603536
820,0.206441293045,0.254535986011,0.409107513605,0.237265717993,0.292541586932,0.201668750563,0.224167739656,0.217240095954,0.31359989603,0.348586380652
821,0.139106813358,0.171953074779,0.294834214467,0.229589317275,0.283800542108,0.132968110923,0.148663305428,0.15647995368,0.303502990379,0.339327658666
822,0.0860995933153,0.110074641824,0.208094131936,0.212976330397,0.272281115191,0.0786707896922,0.0899152335608,0.11061600023,0.281770127274,0.322043631486
823,0.0503188807561,0.0669188154585,0.130221899969,0.203341804206,0.270423198334,0.045445082219,0.0524854332495,0.068290402045,0.273401704784,0.31575709023
824,0.300878225409,0.385775100059,0.666412106083,0.222367831144,0.285111932552,0.28505347349,0.32710044282,0.354053553945,0.295023048637,0.33854058563
825,0.214013774398,0.276162146684,0.488897178611,0.218588146753,0.282064890528,0.20058857396,0.231672007152,0.259711639717,0.289879518168,0.334799577466
826,0.139270366614,0.183685774714,0.356243071006,0.205050836463,0.270444622694,0.124969395074,0.147389922875,0.189131748072,0.270794830659,0.319377629877
827,0.0843765707467,0.11564772598,0.250623150201,0.187234103559,0.256625720989,0.0720777343012,0.0870163784414,0.132365341393,0.247299352546,0.298553974513
828,0.200011060632,0.264906584331,0.51555219772,0.203995117366,0.270183306818,0.180072694211,0.213543621914,0.273907816924,0.269762073452,0.319903972518
829,0.133137274436,0.185263371683,0.384998612231,0.189276961634,0.263382949987,0.114242728104,0.141300079745,0.204029978608,0.248584623525,0.307459631879
830,0.645202129658,0.692207178335,0.775039077107,0.305428589029,0.327680043317,0.695906312284,0.684751779196,0.411503289116,0.388305606749,0.382081539425
831,0.478989949227,0.514949240221,0.58699563057,0.30297893573,0.325724523048,0.515066830019,0.508093484765,0.311266064409,0.385983699101,0.380757974128
832,0.343749407957,0.36848544897,0.423222648614,0.302740883106,0.32452597052,0.370334238815,0.364658071369,0.224291717286,0.386052752063,0.380135664649
833,0.244679107144,0.262953235655,0.303111901445,0.301795675863,0.324335618196,0.263679467978,0.26017263123,0.160468366495,0.385315771182,0.380191217813
834,0.163193721726,0.175721584685,0.206129758177,0.299413263836,0.32239826778,0.175191711998,0.173151572189,0.10918973945,0.382905064656,0.378446064532
835,0.103290961462,0.111279512335,0.131821741313,0.298190770336,0.321252925097,0.110612038826,0.109386398266,0.0697992942874,0.381687041853,0.377457745253
836,0.061617717418,0.0663333837872,0.082819031521,0.292345583413,0.314719087231,0.065345276979,0.0645767715285,0.0439549222842,0.375813293051,0.37139346996
837,0.0448560808033,0.048502730026,0.0604461055774,0.291642698109,0.315352273251,0.0473331470065,0.0469624220149,0.0320504957978,0.374630955655,0.371696752741
838,0.635570911836,0.691368681853,0.803526098507,0.298324875244,0.324515285266,0.6776199416,0.674203482816,0.426816927224,0.380976368255,0.37905554217
839,0.463855634056,0.504649430364,0.597471326216,0.296208574299,0.322258645393,0.493431109183,0.491664492512,0.31688757548,0.378984243294,0.377627377321
840,0.338511902395,0.369390983614,0.446480771911,0.293240379897,0.319989789426,0.359324785243,0.359056630349,0.236555006673,0.376281370011,0.376000560851
841,0.238827844753,0.262677650183,0.32495346353,0.288977259314,0.317835081213,0.251998540919,0.253676266709,0.172192913581,0.371751793211,0.374226797901
842,0.161743206335,0.177102268041,0.227712106457,0.285484144608,0.312593589835,0.1697372944,0.170387224705,0.120598612879,0.368414960346,0.369825634696
843,0.101020367034,0.112530650869,0.150218992885,0.277703944906,0.309345596206,0.105200519592,0.107159227456,0.0795787355284,0.360351669515,0.367060986651
844,0.059301662676,0.0659665096715,0.0925598144537,0.272240787545,0.302837622659,0.0611167186342,0.0621073766173,0.049174271754,0.354508686455,0.36025501689
845,0.0483432249326,0.0543737419905,0.0783440349768,0.2669996544,0.300306202992,0.0491908416581,0.0501684307831,0.0415127736528,0.34918809673,0.356127650404
846,0.452718773568,0.512556474383,0.693646735858,0.272899375611,0.308969607604,0.463833459405,0.477491903768,0.368245880274,0.354187266807,0.364616973806
847,0.332008540573,0.375056946543,0.513595734174,0.271990733205,0.307257197985,0.340790787847,0.350746029371,0.272598818379,0.353467681583,0.363793242798
848,0.234143923066,0.266275978244,0.378036208796,0.266540263506,0.303118135534,0.237330143585,0.245929647081,0.200305251948,0.347194676132,0.359775049555
849,0.15148879295,0.173525095354,0.262051854995,0.258044000488,0.295580345702,0.151325631359,0.157816211614,0.138930005761,0.337726263737,0.352211842944
850,0.0958611454164,0.110699836453,0.181649612305,0.246930781526,0.285154084187,0.0946929588097,0.0999523404776,0.0963950157035,0.325360281488,0.343431254467
851,0.0580402014311,0.0676753939958,0.116974504858,0.239153559881,0.278855189875,0.0558345057461,0.0585661936243,0.0620368097464,0.316454851497,0.331937318303
852,0.0465286473532,0.0569096763597,0.100714284566,0.227911108976,0.27876046669,0.0452338839803,0.0483633087942,0.0522391658464,0.310168770038,0.331627237895
853,0.324123940605,0.38070450268,0.586227244507,0.251053415952,0.294878452014,0.320467742864,0.34082268395,0.31076906343,0.329679146266,0.350619162068
854,0.220192504102,0.260280596611,0.429127240104,0.242076101142,0.286148305944,0.213877307928,0.229539243035,0.227475088425,0.318795607772,0.342140562736
855,0.150667968154,0.179480365245,0.313507977699,0.234081396479,0.278845032901,0.145169363377,0.157469114312,0.166573632319,0.309389634838,0.335603261198
856,0.0972713088629,0.116832604608,0.222687822695,0.222694938592,0.267478972093,0.0909288127316,0.0992978973109,0.118390788832,0.2946327187,0.321750703292
857,0.0546306539401,0.0664643314468,0.137202378691,0.211502947911,0.257317110781,0.0497560752378,0.0537055948085,0.0723550985193,0.282999600344,0.305463439276
858,0.321968737228,0.388522279815,0.686146738373,0.230531314208,0.278184001763,0.307238270572,0.335288403035,0.364810460008,0.305000441579,0.332846265511
859,0.217878794152,0.268080699189,0.493878210272,0.222362125226,0.273597043878,0.202519344118,0.22488477607,0.261843509573,0.293826681984,0.326275733655
860,0.148026774825,0.1844381647,0.368569155056,0.211154886716,0.263094428824,0.13365217657,0.150038264577,0.195302765383,0.279027290467,0.313236727643
861,0.0894306897254,0.115168218947,0.253806415735,0.195090861654,0.251236651965,0.0778964894244,0.0897273239677,0.134755554079,0.257611787722,0.29673758735
862,0.221864516873,0.27908735927,0.58172550478,0.204922094784,0.257775182328,0.199362557485,0.22703068998,0.310226219384,0.270645246911,0.308206204421
863,0.153296558304,0.197372273259,0.424430526759,0.1977766549,0.254641254879,0.133503263586,0.154353944192,0.224350954019,0.260642593273,0.301350028571
864,0.625323590432,0.675401486092,0.790112662903,0.299078010044,0.323029125291,0.666492226509,0.659433279823,0.419896530225,0.381764127473,0.377720790559
865,0.46738731029,0.502876388156,0.597825587568,0.298061669357,0.320693721105,0.498351335796,0.492401417881,0.31704677579,0.381060953584,0.376511389389
866,0.337046989275,0.363027497351,0.437399937822,0.296311707789,0.319152228435,0.358713025699,0.354966283507,0.231754659754,0.379416265415,0.37545327877
867,0.232572116752,0.249885031764,0.309716393472,0.293587332099,0.315442284448,0.246394042061,0.243377683403,0.164140250543,0.37680001453,0.372187224478
868,0.154576676466,0.167451435679,0.217010067513,0.286763873691,0.310648562566,0.162004548798,0.161160731603,0.114900220674,0.369818094328,0.36789185911
869,0.100710594054,0.109519257221,0.147750461101,0.281329979813,0.305936537387,0.104834057225,0.104732340724,0.0782014923339,0.364300746419,0.363947279249
870,0.0570251284161,0.062107858705,0.0892654643702,0.273635087056,0.298024569091,0.0585357007704,0.0584409685653,0.0473979842317,0.356111477652,0.35553515884
871,0.0463098652671,0.0507558216573,0.0755941275948,0.26821449679,0.293964300834,0.0469763262367,0.0470020250223,0.0398935696754,0.350904998664,0.35109696413
872,0.468253551802,0.514997284771,0.70261413196,0.27775270294,0.305479557606,0.483712089762,0.487374635347,0.373045579007,0.359869402945,0.362594243033
873,0.328089705074,0.36308715436,0.5038778585,0.274539483549,0.303824711046,0.336815688439,0.341485359821,0.267170755743,0.356240859868,0.361179845211
874,0.222087157783,0.243531865333,0.356832009689,0.270030857673,0.296105002753,0.225892747459,0.227683361745,0.18916410891,0.351452641507,0.354238548217
875,0.156749220005,0.174370645912,0.265402874806,0.262771574835,0.292311816479,0.157883468642,0.161130436448,0.140587868027,0.343522322752,0.350587064439
876,0.0967921590146,0.108622220933,0.179441096738,0.251502615601,0.28224158811,0.095165739153,0.0979317569214,0.0951918541298,0.330104941739,0.339699530531
877,0.0593540968541,0.0665179566147,0.117219138627,0.244163913725,0.27363375876,0.0576174069576,0.0584643570339,0.0621325380282,0.323304057557,0.3280564824
878,0.0423902263832,0.0483753447356,0.0868162229063,0.238708177355,0.272411623056,0.0410780056971,0.0418530459447,0.0457227863919,0.319290946348,0.325315175857
879,0.437976088826,0.492701057274,0.733693675459,0.26314814172,0.296028415598,0.440961307998,0.452816616037,0.389676294841,0.343573850561,0.352810882833
880,0.332602890245,0.375155962098,0.596232603551,0.255065237384,0.287698175016,0.329986099766,0.340748478655,0.316468712504,0.33426357347,0.345165460638
881,0.233675507706,0.261839227153,0.44412764873,0.248685576329,0.27865838294,0.228439101873,0.235363916877,0.235719957687,0.326564115216,0.336463454103
882,0.154359309888,0.176127388575,0.313614314338,0.239650779645,0.27344684308,0.148358617544,0.155213789807,0.166510850714,0.315600726039,0.330183615656
883,0.0992086907359,0.112581906746,0.21869255232,0.230458940801,0.261524537715,0.093320179913,0.0971436752472,0.116132368755,0.30437485081,0.316845634975
884,0.0579026687235,0.0671092283188,0.142848185997,0.216167590432,0.250538368977,0.0528547300571,0.0553623566098,0.0759004661241,0.28707056582,0.300690269725
885,0.336221215623,0.385129200933,0.694115283237,0.237533990171,0.272086565566,0.320860169413,0.336597751311,0.368713084231,0.312677095595,0.328013313264
886,0.240471841667,0.276615794031,0.530855383481,0.229470340721,0.263960720162,0.224591982586,0.237324807265,0.281897116889,0.301946468802,0.319064762186
887,0.151035105618,0.175797550931,0.364415752604,0.218496134845,0.254318922986,0.137525556767,0.14682318516,0.193600379588,0.287740997056,0.307194173084
888,0.097589460993,0.113675782471,0.266233324796,0.204376447345,0.238065179725,0.0860307916302,0.0922709480768,0.142268726609,0.26836780262,0.287833589717
889,0.231243388716,0.272698790404,0.586212014589,0.212119890975,0.250146990195,0.207105127368,0.224205630755,0.311547537517,0.278794931125,0.301814803807
890,0.155477545194,0.185416972705,0.438527180154,0.19947808174,0.237890442578,0.134147039931,0.146759643631,0.233123445001,0.260971161954,0.285507863209
891,0.0981576382088,0.120406189863,0.319644006777,0.182378686918,0.223716902777,0.0804658925097,0.0908313446589,0.171048625093,0.23504269039,0.265320410356
892,0.627338031375,0.66780215094,0.740513463772,0.308175230389,0.328052933869,0.676737950218,0.66158925645,0.393350716766,0.39079897079,0.382050985057
893,0.469304089421,0.49956439492,0.562111783411,0.30653830053,0.326303614385,0.506707457097,0.495614572442,0.298221622067,0.389612033761,0.381082612514
894,0.351596423121,0.371162381186,0.435266239834,0.303617287813,0.320513259246,0.377826508213,0.367610265542,0.230796403514,0.38702485944,0.376559897882
895,0.246460749339,0.261972639215,0.307059565804,0.302223027215,0.321244515744,0.264503215067,0.25881226372,0.162680986771,0.385575186385,0.377279296198
896,0.163115549424,0.173089420945,0.204092900452,0.301899300799,0.320359250504,0.174857350192,0.170953093477,0.108212484971,0.38512889804,0.376529647939
897,0.0995905534898,0.105687206494,0.131695199322,0.295544644576,0.31363705477,0.105845236746,0.103446172697,0.0697806525573,0.379275646538,0.370679071045
898,0.0594272388206,0.0630604043863,0.0812141900975,0.291736396559,0.309572100375,0.0625600148951,0.0612263676836,0.0429914758597,0.375109834608,0.367113286241
899,0.0415712760967,0.0440125789254,0.0580641115607,0.289396899139,0.306391938378,0.043411885882,0.0423615136209,0.0306637172145,0.372835459223,0.363814519074
900,0.641170851053,0.683453135096,0.799818861175,0.301806589836,0.321709353564,0.685405249178,0.671441491083,0.42487181163,0.384687720993,0.376850479763
901,0.471538359479,0.50314761791,0.592343858955,0.300912177001,0.321083623452,0.504263609513,0.494656932552,0.314219896328,0.384013464797,0.376697661644
902,0.354170592641,0.377259798069,0.458362685632,0.297674107947,0.317080176016,0.377607700919,0.3702507328,0.242961461023,0.381106296838,0.37368116523
903,0.245149523902,0.261671061479,0.327164114859,0.293949665781,0.313760026297,0.259989446562,0.255535879453,0.173367036499,0.377402132335,0.370937309451
904,0.161305417378,0.171538655435,0.223849727526,0.289756087241,0.308138253616,0.169796647232,0.166557592132,0.118510932401,0.373290059939,0.36616914741
905,0.101455647321,0.107982433189,0.149175220474,0.282910999237,0.301111065575,0.105581522679,0.103602320588,0.079112528725,0.366225637699,0.359360472947
906,0.0588773206559,0.062527486244,0.0910674134203,0.277105969746,0.294285465412,0.0603854041354,0.0592735135158,0.0483032300388,0.359517932855,0.352898044774
907,0.0429893000871,0.0454689618951,0.0659890421508,0.278342832388,0.294397899338,0.0441705201311,0.042785249618,0.0347968350779,0.362789118096,0.351411369628
908,0.464636704163,0.502816751082,0.670786117504,0.283619509559,0.306925042861,0.483313216646,0.480662780106,0.356050730548,0.366138962682,0.364131096867
909,0.344573270138,0.37171986775,0.510404048604,0.280895133642,0.303024961534,0.357158953188,0.354837000243,0.270708999707,0.363444747121,0.361081929128
910,0.233180887417,0.250949809686,0.362586767427,0.275393974006,0.296379630985,0.239117630659,0.237502613091,0.192235577177,0.357502503794,0.355087906332
911,0.161839319672,0.174144203632,0.268488081261,0.267736843963,0.288093274055,0.163637349987,0.162801981561,0.142468909923,0.348975205626,0.347193687724
912,0.102250082248,0.109403032423,0.182162723219,0.259639334964,0.277802520613,0.102099282954,0.101322839841,0.0967186460514,0.340171324763,0.337584394917
913,0.0605369927788,0.0646787262273,0.120005604769,0.246866756311,0.263756533207,0.0591096621728,0.0587858071797,0.0637948094872,0.325332002077,0.323549545717
914,0.0442629329106,0.0472247043964,0.0918614729601,0.24141340444,0.25756713151,0.0425494917836,0.0420555521394,0.048598378249,0.319432422154,0.315724261837
915,0.457645151201,0.498690019159,0.742298883406,0.269419508096,0.293582963354,0.46492589218,0.466428588534,0.394741244576,0.350597534788,0.351730708153
916,0.360215926859,0.392480433136,0.612466527421,0.263862964764,0.287497145398,0.361496609842,0.363245586705,0.325393302818,0.34423806267,0.345903539995
917,0.241506264324,0.262211592595,0.438645794242,0.256277143146,0.278248839789,0.238495677936,0.239682684562,0.232728172992,0.335481059787,0.337150768204
918,0.162694702572,0.176326559333,0.318660354569,0.24737608365,0.268103220336,0.157860380924,0.158811483729,0.16910367123,0.324965687366,0.326923593302
919,0.0998716322185,0.107867097407,0.20941224907,0.239413635156,0.258580473057,0.095240132167,0.0956523825345,0.110969128197,0.315509222213,0.316874915329
920,0.0630722106151,0.0684196469672,0.152160026705,0.22235780585,0.241209915242,0.0582059295966,0.0581324028055,0.0812292117859,0.294612811208,0.294240650935
921,0.335665833579,0.368417632181,0.661086396728,0.245878438136,0.269869444312,0.325865415092,0.330857333533,0.351641198725,0.323162500948,0.328113013563
922,0.237942355902,0.261056175866,0.502619161107,0.237558059921,0.260634549213,0.225861521549,0.230165609214,0.267069625054,0.312353111436,0.318305409839
923,0.159356864968,0.17433995026,0.362117788124,0.229022018509,0.25055517579,0.147971115988,0.150805857092,0.192468629694,0.301216163875,0.306986680879
924,0.100050706925,0.109929930674,0.256015374803,0.214702925051,0.235903157427,0.0895317216967,0.091656214676,0.136256810642,0.282038756472,0.288731237603
925,0.0619792484314,0.0663515975106,0.17162518795,0.206627776835,0.221204410026,0.0545565503647,0.0539593841048,0.0918361360627,0.272303401806,0.269322817386
926,0.233696643,0.262863582805,0.565416291661,0.220058202,0.247522971065,0.212792704068,0.222080127922,0.300832169564,0.289236451592,0.301860293804
927,0.161672656873,0.178757378969,0.424808480933,0.211270934916,0.233596944025,0.143499974021,0.148433513096,0.226020583585,0.277051542092,0.286576593355
928,0.108011541691,0.117851431431,0.317943225394,0.198621387519,0.216715866338,0.0920278039947,0.0939275440138,0.169174456647,0.259138497497,0.264487921832
929,0.170200111838,0.189167365671,0.481955780717,0.20230049529,0.224845044781,0.146508938182,0.152666611545,0.256460547683,0.26367786194,0.274760067348
930,0.100958370813,0.112638730108,0.326032967526,0.187088112239,0.208733235403,0.0829725031328,0.0862079349456,0.173140559958,0.242382160629,0.251833616518
931,0.650742320202,0.689884410687,0.806365643065,0.303094844722,0.32132597165,0.696685130651,0.679650674413,0.428643950303,0.385979470728,0.376541993001
932,0.474011109089,0.500613466189,0.589533585439,0.303045510994,0.320052970832,0.508609512277,0.495114294113,0.312643938931,0.386373423449,0.376121563197
933,0.34679832523,0.365359592168,0.443113844376,0.300187658614,0.316254239268,0.370672229114,0.360236472282,0.234737328332,0.38385932081,0.373052299903
934,0.244106482726,0.255633740095,0.320118852864,0.297742002212,0.311802049494,0.259700476558,0.251409101195,0.169730447416,0.381441259265,0.369263104255
935,0.157148207153,0.164656959144,0.214240487287,0.29316198369,0.307169656246,0.165951434157,0.160853870938,0.113524879929,0.376879532227,0.365302848654
936,0.103647067135,0.107877087089,0.147624452457,0.288591032256,0.300368942221,0.108434891131,0.104720387029,0.0780800407278,0.372327407077,0.359573102017
937,0.0610038825637,0.0621681164137,0.0944452072246,0.280326558862,0.285676475214,0.0627759810075,0.0598652668951,0.0500615102985,0.363491479009,0.346637584244
938,0.0480729704487,0.0496078937181,0.0744677729286,0.279252692672,0.288168960005,0.0493712345642,0.0473408081674,0.0394960319783,0.362469219754,0.347562420717
939,0.466833832827,0.493557057885,0.676994331572,0.285109347802,0.301430018525,0.485735234638,0.474764536946,0.359847935415,0.367884332334,0.359575386415
940,0.335539121378,0.351120660032,0.493429975914,0.284333559626,0.297537249055,0.348046772409,0.337637642248,0.261936908674,0.367284656687,0.356300173851
941,0.245070186232,0.253773800144,0.366016214792,0.283363930842,0.293427538695,0.25325387316,0.24396595405,0.194134609866,0.366315538858,0.352881157575
942,0.163672009685,0.170272102201,0.255392267309,0.277722562976,0.288921757102,0.167814610968,0.162358648905,0.13545362698,0.360405757713,0.348688302779
943,0.107338641403,0.110310947492,0.184346984703,0.267013821642,0.274407680904,0.107661379032,0.103489976999,0.0979188681522,0.348339537776,0.334842922098
944,0.0641846061986,0.0646678069556,0.119683192904,0.258251150476,0.260195341751,0.0633922216021,0.0603768160649,0.0636044796235,0.33832007062,0.322227051816
945,0.0473346432784,0.0470218945856,0.0939199211768,0.251410311834,0.24974919767,0.0461734134795,0.0433954136838,0.0500850585812,0.330627488332,0.310735454674
946,0.476569314392,0.500967844881,0.718201291212,0.28103939865,0.295427543521,0.491709841778,0.47923156656,0.381663062681,0.363528180125,0.354302811226
947,0.367046599387,0.380852410318,0.606148016538,0.271073745796,0.281269706987,0.371392460141,0.359611182501,0.322128192173,0.352655240174,0.341468342911
948,0.25587862426,0.263632370037,0.440745310511,0.266469090574,0.274543753285,0.255905910239,0.246859734138,0.234049823193,0.347313433963,0.335036036842
949,0.168843636967,0.172671147256,0.30983375306,0.259221641413,0.265097927411,0.1668891258,0.160427367323,0.16456536921,0.339287008894,0.326150199078
950,0.108564734535,0.108931225921,0.215611601426,0.250664601799,0.251510792025,0.104987213042,0.099923662243,0.114560636127,0.328627778351,0.31277800578
951,0.0679301044407,0.0657917965238,0.150390767546,0.23909565454,0.231569387133,0.0642538683783,0.0596098555123,0.0803638460494,0.314618973321,0.291879571058
952,0.050283469324,0.048632344107,0.113454724849,0.236772340133,0.228997602496,0.0473795071902,0.043798230581,0.0605620639876,0.312241789175,0.288640357199
953,0.359788360634,0.37342795485,0.653571770188,0.25944004304,0.269275427665,0.355411155003,0.345650072292,0.347707878253,0.338884081466,0.329576901592
954,0.264053834189,0.266466934426,0.515017785942,0.252552938424,0.254860935797,0.256027603456,0.244538487398,0.273959382807,0.330560597634,0.315726849166
955,0.177213963168,0.178004124334,0.371893041547,0.24372335409,0.244810067158,0.168703076583,0.161031496705,0.197916295235,0.319724815493,0.305185694388
956,0.11475842784,0.113041616557,0.262739332824,0.233943355353,0.230443511379,0.106935847186,0.10106772674,0.139969873451,0.307310365179,0.290446663393
957,0.0754409801969,0.0719242196342,0.189954250341,0.223648473749,0.213222865143,0.0685834876896,0.0631282379453,0.101537571484,0.294035131239,0.270647066144
958,0.26236942745,0.265036015012,0.549160760225,0.243709515305,0.246186453142,0.250301475235,0.239945224959,0.292577307219,0.319741695279,0.30651234848
959,0.187773768408,0.185825624648,0.442062890115,0.230210189048,0.227821769477,0.172444250608,0.16378652409,0.235778175647,0.301471245343,0.286335596657
960,0.119164723469,0.11568804738,0.30796013299,0.219531854579,0.213126929301,0.106570757105,0.100168313084,0.164464398063,0.287095262356,0.269847460088
961,0.0729124239155,0.068850188709,0.206091371976,0.209606407123,0.197928417546,0.0635610118517,0.0584118216016,0.110268234344,0.273685496086,0.251513748863
962,0.183699725186,0.181627850802,0.471735961102,0.219457325575,0.21698215578,0.164057101333,0.156240779982,0.251551037823,0.286888889429,0.273220381735
963,0.114812173192,0.109920939608,0.316645874229,0.21207356758,0.203038799513,0.100324911448,0.093545014339,0.169499778175,0.276095971551,0.257437572035
964,0.670531118247,0.70963935619,0.794858338911,0.308286085284,0.326266646141,0.723614518377,0.704551739412,0.422113689598,0.391083802967,0.380781157147
965,0.480384569525,0.50704952545,0.571792867713,0.308091497274,0.325192892108,0.519140519011,0.504572108193,0.303212979933,0.391235587149,0.380256515873
966,0.358966052992,0.376213330715,0.432648413562,0.307379267587,0.32214794989,0.386178067256,0.374121607786,0.229205722385,0.39027383606,0.378089506898
967,0.254278616117,0.265172777523,0.310844178864,0.306250719066,0.319371542261,0.273724256905,0.263640054076,0.16475235216,0.389855804989,0.375493230565
968,0.171328901816,0.179040347569,0.209783257868,0.305861171017,0.319627860718,0.184638418537,0.178168797538,0.111127958996,0.38958580888,0.37593495252
969,0.108285054244,0.112882832049,0.135669657017,0.303457571307,0.316342364096,0.115136946626,0.111261914021,0.0718784262398,0.386006416473,0.373015039737
970,0.0650644074861,0.0678500273708,0.0861144510028,0.297058569379,0.309776617383,0.0689289704024,0.0666478325709,0.0456616755976,0.380321943474,0.367735555366
971,0.0474396279283,0.0492460722536,0.0622325458061,0.29851592958,0.309883059352,0.05037096446,0.0484981955534,0.0329911438482,0.3820024904,0.36779981642
972,0.667675585611,0.701330801675,0.819641565781,0.305063034316,0.320440206335,0.71591265926,0.69358236904,0.435721536357,0.387983000463,0.375881282623
973,0.483849104438,0.506007145157,0.597123940572,0.304886669308,0.318849062069,0.518207884287,0.500742446842,0.316937495235,0.387912722955,0.37483869301
974,0.358027218825,0.375268981491,0.45309165324,0.301779234971,0.316312224848,0.381146651471,0.369597633484,0.240095881722,0.384670166077,0.37301438306
975,0.256332920381,0.265724822144,0.333243883877,0.299698857653,0.310679664275,0.271166595698,0.261021427261,0.176512559113,0.382625050067,0.368309881301
976,0.16801969579,0.173077051199,0.223954326871,0.297353112954,0.306303375404,0.176052423859,0.16899743039,0.118936473453,0.379434507761,0.364229332418
977,0.109418150569,0.111661084917,0.152331366414,0.293023684953,0.299030301628,0.114125338915,0.108796195697,0.0807604001078,0.375805492086,0.358257055354
978,0.0654580527105,0.0659047036773,0.0957888626808,0.288168990293,0.290135302348,0.0678369345408,0.0640881645135,0.0507897092439,0.371272231149,0.350755174747
979,0.0510374571607,0.0511148992387,0.0742311840144,0.289354987665,0.28979404268,0.0530135403119,0.0500088572251,0.0394353961392,0.372135065017,0.351043322619
980,0.494849684955,0.510747553667,0.686555516779,0.292437951228,0.301833006528,0.518353580653,0.497007671926,0.364814596048,0.375570679032,0.360104600019
981,0.361022717486,0.369695036895,0.512734731697,0.290338972762,0.297313360208,0.377318478361,0.359931573314,0.272217326792,0.373779763873,0.356555923442
982,0.253299487914,0.257991905021,0.37114503579,0.287045592939,0.292363162515,0.263307774509,0.250440079429,0.196749162347,0.370596594319,0.352485758123
983,0.170700370903,0.171409638292,0.260374869606,0.283327228466,0.284504465296,0.175986848632,0.165720014384,0.138202893988,0.366708211416,0.345314951333
984,0.114228405938,0.112560115259,0.187398890859,0.275789178069,0.271761313798,0.115815539314,0.10789972729,0.0994688934473,0.358357721789,0.333864528733
985,0.0689283627631,0.0661356266288,0.118948508411,0.271358155048,0.26036367187,0.0691415439377,0.0636835340922,0.0633342083018,0.352476526759,0.324652150215
986,0.0515396814122,0.0488540808325,0.0905740619688,0.269886728953,0.255823623868,0.0515589290517,0.047069303156,0.0482314480014,0.35107613593,0.320505281565
987,0.376296175632,0.379128018012,0.593428000517,0.278975099911,0.281074545939,0.383773497787,0.362940820125,0.315358568919,0.361343842354,0.341728731262
988,0.26184850256,0.260432563362,0.429290176051,0.275174880251,0.273686879,0.264787835836,0.248471033789,0.228077953882,0.357176154535,0.335166183455
989,0.183412215199,0.178893128241,0.318247148514,0.269504876358,0.262864555425,0.183109099493,0.169666255983,0.168980834888,0.350947632007,0.325183024401
990,0.121503409579,0.115036510557,0.222957742674,0.264426610651,0.250352765351,0.119251842611,0.108535314655,0.118610543463,0.344262800707,0.313325736362
991,0.074891103851,0.0685664890314,0.147596154854,0.257310219963,0.235580161962,0.0722832291767,0.0646261002042,0.0787965951795,0.335100805989,0.299602805699
992,0.0530895300979,0.0479393047485,0.101347147419,0.262331179341,0.236882382049,0.0521440434706,0.0462646689858,0.0543566103101,0.341334293191,0.302847977198
993,0.379318674703,0.377941712001,0.632784855115,0.272882251089,0.271891662682,0.381977181382,0.359155369812,0.336787090829,0.354365173887,0.333193083983
994,0.282079662574,0.273164741882,0.50800634957,0.265299282889,0.25691469378,0.278952114779,0.257599163674,0.270238751888,0.345755530297,0.319288977289
995,0.185775616781,0.17564938155,0.359199363378,0.257798135412,0.243746105299,0.17964695319,0.163497261758,0.191163807165,0.336223574708,0.305998141506
996,0.127851226544,0.116652663449,0.262213075675,0.252312898929,0.230212665753,0.121799428456,0.108534620298,0.13975184391,0.329111243823,0.293268731527
997,0.0738436860263,0.064735157797,0.160623227023,0.246802055271,0.216359324031,0.0695595233597,0.0608277137922,0.0862592653245,0.321073834863,0.280769424371
998,0.280392669124,0.266831551483,0.542102034071,0.257400083694,0.244950996395,0.272563778724,0.249083820598,0.288855844847,0.336289476232,0.307319879255
999,0.203105700739,0.185798190328,0.429068957198,0.248303719579,0.227144691566,0.191356839984,0.170936492639,0.228985042902,0.323632400414,0.289096472515
1000,0.130658816014,0.114383978439,0.303431501454,0.238222314134,0.208549387442,0.119989743093,0.104070576006,0.162383736934,0.310497059585,0.269303083801
1001,0.666126365715,0.696848387151,0.799714851596,0.308008307961,0.322213777564,0.716401215184,0.691231914921,0.424915639145,0.39093159604,0.377197009171
1002,0.512167005425,0.532632158909,0.625738052054,0.306588204322,0.318838846381,0.547914613807,0.527567356203,0.332106366362,0.389257710972,0.374802307301
1003,0.37674080748,0.390125046138,0.46561978803,0.305675615803,0.316535165161,0.401299406758,0.385758615151,0.246808901859,0.388153830568,0.373122116863
1004,0.261095722015,0.26736200623,0.331805103449,0.303506919509,0.310791070333,0.276117588199,0.263393918853,0.176197938615,0.385795646363,0.36801794422
1005,0.177085265498,0.181118816982,0.228111853456,0.30203044919,0.308909933845,0.18758066128,0.178623678717,0.120795145833,0.385176302518,0.366784121778
1006,0.109420084129,0.110413990068,0.147214370771,0.298108017155,0.300815850282,0.113702063935,0.10751578529,0.077961185553,0.380046897403,0.359369383518
1007,0.0668268477597,0.0663658917509,0.093062537995,0.295360393342,0.29332306624,0.0690255215101,0.0647341238663,0.0493191638106,0.377026275278,0.353586109467
1008,0.0506164442958,0.0496749047739,0.0695476239825,0.298026085451,0.292482366569,0.0525847434457,0.0489645669426,0.0369252035306,0.379743116315,0.353599847054
1009,0.514532461138,0.522373054859,0.687580663508,0.298368561751,0.302915187763,0.541997545269,0.5132020589,0.365225905639,0.381574071661,0.361301634867
1010,0.375358086522,0.378178223386,0.515720572281,0.295730589914,0.297952470215,0.390575827465,0.368574905303,0.273613503347,0.378184888483,0.356881941119
1011,0.2651047771,0.262727138719,0.370356363767,0.295155017189,0.292507867994,0.272268358474,0.254413437339,0.196466461691,0.376504203182,0.351813662965
1012,0.179874972904,0.177868345654,0.262307898868,0.290096959491,0.286860731268,0.18508592026,0.172326531197,0.139032251345,0.372822832463,0.347121301174
1013,0.116782146065,0.112056951148,0.178808314634,0.286478320901,0.274886943696,0.117200702207,0.107246855719,0.0949395618669,0.366955005208,0.335789545266
1014,0.0732780525425,0.0680026183622,0.11727895071,0.283408724397,0.263005561106,0.0725285284983,0.0653048630518,0.0623720842207,0.362270453488,0.326189195377
1015,0.0540823846879,0.0493525308934,0.0896145503525,0.28014780785,0.255647072913,0.0536383246348,0.0479397979059,0.0479128663343,0.358806407252,0.320686873949
1016,0.389660987019,0.382559619522,0.583521539342,0.28741526418,0.282177271455,0.396859637579,0.368918759485,0.31022928292,0.368826026953,0.342858853471
1017,0.278037775198,0.26919905265,0.429811401482,0.284569140859,0.275522788506,0.280354118761,0.258190370328,0.228230645179,0.365627556544,0.336722408942
1018,0.184784076209,0.174322923419,0.300185158636,0.280276466045,0.264409217118,0.185038863992,0.167066110333,0.159526931269,0.361664043952,0.326535754527
1019,0.122512059547,0.11286959308,0.207904646951,0.276372312124,0.254620080041,0.119351661459,0.106611388678,0.11059837779,0.35462073653,0.316766509266
1020,0.076013519044,0.0662790255161,0.134087037599,0.275033048571,0.239811584482,0.0715430650369,0.0622125898783,0.0713554574065,0.348801506789,0.303311649837
1021,0.404066897016,0.385589303604,0.644074493567,0.281829006419,0.268941235036,0.409652268524,0.372358568,0.342879419745,0.364170874662,0.331017684547
1022,0.28726135814,0.268094100136,0.483175832824,0.276603469344,0.258147349467,0.282750849741,0.254433371194,0.257220765931,0.355927838339,0.320281689316
1023,0.19949958822,0.181155874817,0.351920465125,0.272326158355,0.247286141754,0.194965903709,0.171862701021,0.187275672201,0.351857785306,0.31016310138
1024,0.131603861154,0.114305448309,0.237247243962,0.272383475337,0.236580560687,0.123732383446,0.106657298336,0.126296989804,0.346893767844,0.299022382477
1025,0.0773229460859,0.0647794417626,0.148852323408,0.265755951337,0.222644415974,0.0711108353673,0.0604719530112,0.0795615170826,0.336787843802,0.286401060541
1026,0.288193840911,0.262568745477,0.505031622194,0.272964028945,0.248693110213,0.281368832385,0.248866183001,0.269039862732,0.352030121411,0.311364950675
1027,0.203367431831,0.176926049032,0.39014109587,0.263964570092,0.229644481667,0.192480830593,0.16542505416,0.208118828656,0.340057290845,0.292257652786
1028,0.135520190895,0.112845603972,0.269333954141,0.261773723388,0.217975002284,0.12274697994,0.103240110507,0.14366902142,0.332057217504,0.279286902592
1029,0.645448900199,0.677328231925,0.75000167879,0.311393042422,0.326773039341,0.695177695701,0.673008677199,0.398492927172,0.393493995018,0.380945583713
1030,0.488827109749,0.512347720182,0.569696511839,0.311182142516,0.326155113126,0.530094448762,0.512435847876,0.30211395778,0.394226537629,0.381093992848
1031,0.351188338548,0.36563199955,0.415160832119,0.310242208782,0.323001838873,0.380544862857,0.366450070184,0.220007295634,0.393530492043,0.378954731766
1032,0.246603424532,0.255830271252,0.295453840569,0.30907040566,0.320634499972,0.267022928917,0.256481166579,0.156462670005,0.392699970742,0.377196621352
1033,0.163772529294,0.169041587888,0.197741853299,0.308680965639,0.318612167788,0.176998792482,0.169085210305,0.104755487064,0.392598244978,0.375045252492
1034,0.101811375286,0.104435853552,0.125302813171,0.307076948834,0.314992732074,0.109506943762,0.104131792837,0.0664572801308,0.390962160192,0.371771773311
1035,0.0605976696717,0.0610627935292,0.0770722215393,0.304920500374,0.3072609501,0.064602795845,0.060750871804,0.040922151367,0.388527906387,0.365362036185
1036,0.0476316832223,0.0482889922899,0.059080948253,0.307297962855,0.311538622092,0.0504681286172,0.0476437457872,0.0311768396663,0.390352158578,0.368506610416
1037,0.659739794774,0.688030693792,0.782094815715,0.309756581061,0.323039533255,0.708090895535,0.682685714525,0.415477647808,0.392021717015,0.377956598055
1038,0.50181581155,0.519815951713,0.611104787649,0.307346467665,0.318370989749,0.537916833938,0.515874457451,0.324182970671,0.390367838318,0.374371620468
1039,0.365386281592,0.376673548761,0.447035755497,0.307280832542,0.316773145274,0.392684619582,0.374674307656,0.236959121665,0.39099627853,0.373063401644
1040,0.261234336039,0.266354742527,0.326012784992,0.306037682428,0.312036271121,0.279851528295,0.264926560396,0.172689501508,0.390054592177,0.369252303539
1041,0.174446311585,0.175760379268,0.218061777165,0.306978693,0.309291099472,0.184345177538,0.173403011791,0.115499690582,0.389531966995,0.366410541181
1042,0.108507221875,0.107716999809,0.141302243777,0.303494237091,0.301283989341,0.112908730581,0.105458211821,0.074894849702,0.385010027289,0.359604335309
1043,0.0646215286685,0.0631041203285,0.0888334425346,0.298401365703,0.291394463664,0.0662888003709,0.0614535880789,0.0471593452489,0.379005965059,0.351360657092
1044,0.0472236585131,0.0450103721532,0.0663258215416,0.297828598195,0.283869917425,0.0479855608908,0.0439566854012,0.0353052009953,0.377104310647,0.345442571449
1045,0.517640610005,0.520360103937,0.662734304373,0.304362881008,0.305961891966,0.539492267776,0.508964048237,0.352036068994,0.385216137947,0.363417933354
1046,0.377326320273,0.375760303287,0.497043636193,0.301829603219,0.30057692017,0.391240393902,0.366754662253,0.263836510574,0.38288149108,0.35891890033
1047,0.262407780593,0.25923927035,0.356823906456,0.298709682299,0.295102835405,0.271389999005,0.252191419937,0.189264985161,0.380713148644,0.353780868481
1048,0.184509619594,0.178080039395,0.252794943834,0.299828137961,0.289380069924,0.188008832762,0.172305935245,0.13421640515,0.380175897833,0.348422798395
1049,0.116367933403,0.109022931615,0.167867795606,0.295906854838,0.277229575674,0.116136158941,0.104503647265,0.0890843423757,0.374966432138,0.337408780503
1050,0.0717640056312,0.0653970656631,0.110387748109,0.289898395816,0.264178459104,0.0697327390593,0.0620754268593,0.058620939869,0.366187399615,0.325976570664
1051,0.0527643546498,0.0485095180452,0.0798230131122,0.291359812261,0.267865004023,0.0520382467528,0.0469325217602,0.0425335444208,0.367750252087,0.331668489724
1052,0.391382164464,0.375775807331,0.544723101322,0.298336619442,0.28644045183,0.394747657227,0.361825952601,0.289632225172,0.377313568727,0.345845856041
1053,0.27645955317,0.260640521704,0.401183379679,0.294643960552,0.277784416254,0.275576901786,0.249533007068,0.213038656325,0.373335280709,0.338052553157
1054,0.185970874409,0.172727512428,0.2767852536,0.292644629342,0.271804813589,0.183004008311,0.164158668328,0.146832671888,0.370456946319,0.332308125609
1055,0.123572596872,0.109035660961,0.190786039423,0.291861741343,0.25752746711,0.118398322528,0.102677350453,0.101232928976,0.367344593999,0.318568445984
1056,0.0765079357649,0.0637334617822,0.125412511163,0.287998532137,0.239911628222,0.0705903660954,0.0596215684701,0.0666502948665,0.358577500108,0.302859358253
1057,0.0557814536339,0.0473324934836,0.0843695782264,0.297527228228,0.25246214779,0.0516169577258,0.0447832083359,0.0448717627844,0.365373065601,0.317000048783
1058,0.398329553509,0.374410619913,0.595219762455,0.291185102036,0.273699989374,0.395785289645,0.358216604508,0.31678422735,0.369621235929,0.334536092049
1059,0.287663450822,0.260679050123,0.443644654855,0.28998707205,0.262784703007,0.280177899498,0.247356445551,0.235986211036,0.366955280071,0.323968285569
1060,0.203005225976,0.178833044038,0.326471800344,0.286605025782,0.252478471677,0.198139682686,0.170548341123,0.173681736378,0.365322142255,0.314450313499
1061,0.130525930648,0.10962353636,0.221732934691,0.282595591796,0.237340794879,0.120931955107,0.101946181948,0.117898581074,0.354871529283,0.299158294933
1062,0.0770056043438,0.0624036731849,0.134307751774,0.281332895289,0.227986082356,0.0686061744714,0.0571906265731,0.0714626453356,0.347796649187,0.28992592052
1063,0.225090765549,0.186280062215,0.36768087547,0.288929174553,0.239111295748,0.205700820995,0.171662382471,0.195483673104,0.359085175129,0.299665389639
1064,0.13849727354,0.112567749596,0.244659171274,0.279383728093,0.227077376624,0.124891164648,0.103383783808,0.13016603191,0.348428811126,0.288426238826
1065,0.647628593278,0.66968120427,0.746590874883,0.313788643964,0.324473562713,0.698806172117,0.667842676351,0.396751629223,0.396283306576,0.378724336757
1066,0.483569408278,0.496934538579,0.565631321987,0.31276009158,0.321404309566,0.523862128461,0.498382608204,0.299965326125,0.396201891971,0.376931489353
1067,0.359214166283,0.366285902167,0.423022576874,0.312761936167,0.318919181662,0.388702257769,0.368009021721,0.224135157202,0.396292674601,0.375195349602
1068,0.256269577244,0.258441053356,0.306393824634,0.312103503532,0.314748083156,0.276633623476,0.259685596318,0.162235357792,0.396008604556,0.371747039745
1069,0.173400025606,0.173372514639,0.209089904303,0.311947726108,0.311898233708,0.187022553372,0.174390414882,0.110624215017,0.396203011118,0.369442114017
1070,0.109725863816,0.107115035552,0.13603081064,0.310951149395,0.303552346402,0.116641947456,0.10663701337,0.0721225594039,0.394858995192,0.360990062905
1071,0.0669940611834,0.0638558029582,0.0868913922727,0.307677388689,0.293264602261,0.0699513671054,0.0632230970629,0.0460213811592,0.390362661464,0.352815641163
1072,0.0477426396619,0.045889828526,0.0603722732728,0.310007595929,0.297976725202,0.0502157410216,0.0457645572441,0.0320163384929,0.392320785087,0.35754499808
1073,0.509910724615,0.500083769404,0.616419161114,0.31351847238,0.307476371602,0.54282070062,0.498333648655,0.327266800877,0.396676637569,0.364166871142
1074,0.3864460976,0.376080574654,0.475601832638,0.312121153881,0.303749225681,0.41088125546,0.374386362528,0.25231864877,0.395997199099,0.360824323261
1075,0.267558514441,0.257583826461,0.335342039717,0.310939420247,0.299347474821,0.284885200306,0.257603930682,0.177799081348,0.395515566445,0.357640075556
1076,0.176273747728,0.167080282392,0.223879534272,0.310760432375,0.294552884174,0.186890800811,0.167010278408,0.118681007992,0.395467382004,0.353399510746
1077,0.116052616285,0.105286093882,0.156237421233,0.307362162579,0.278847324091,0.119116824156,0.103506061559,0.0828908175653,0.389890282749,0.338793515472
1078,0.0734603586918,0.0649508093171,0.0998344913046,0.308338707633,0.272621165499,0.0734171339235,0.063134103262,0.0529609951531,0.387400501896,0.3331399904
1079,0.054752000652,0.0474179529276,0.0761762708043,0.306998372638,0.265875843974,0.0546688833238,0.0465347111309,0.0406499969329,0.385389490594,0.328047465529
1080,0.540764221063,0.515159507807,0.671693263141,0.313011636007,0.298190808605,0.561387568684,0.507231126261,0.357359712902,0.393685883036,0.355707438114
1081,0.38948630038,0.363459329549,0.494294359049,0.312278554105,0.291410901479,0.405770038544,0.359225442848,0.262455806582,0.39492873608,0.349627711847
1082,0.282869341937,0.258223867318,0.372598421572,0.309589507437,0.282615992755,0.292929203374,0.255076960371,0.197686682357,0.392828233373,0.342067061129
1083,0.192367742701,0.171362224448,0.26120768528,0.307819095158,0.274206912933,0.196364914354,0.168022034784,0.138615186604,0.390385846104,0.334038412254
1084,0.126580403798,0.108944429998,0.178418717456,0.305791462182,0.263186682504,0.124758450368,0.104885476791,0.094673891074,0.38467960548,0.323403374389
1085,0.0780296897174,0.0629170684672,0.112086797738,0.308376845249,0.248651085971,0.069796788178,0.0579473386891,0.0594054924525,0.372946460868,0.309631079667
1086,0.421957779107,0.376755983197,0.553709390855,0.312001297908,0.278578477688,0.427135874578,0.367622400359,0.294308551346,0.392203549194,0.337557247624
1087,0.308012030602,0.268163665576,0.417074820988,0.310105079513,0.269985930983,0.308342635607,0.260378283566,0.221638350468,0.390129713728,0.329442942681
1088,0.211680934505,0.178518145628,0.299506526298,0.306914910552,0.258832382923,0.206231920248,0.170852832623,0.159007930721,0.384694524959,0.318700176018
1089,0.133721286185,0.109155845449,0.199096763673,0.302554715573,0.246973512707,0.124882483469,0.102246277587,0.105647651922,0.375274444338,0.307252177737
1090,0.0883514386487,0.066269567812,0.138964869205,0.300938995953,0.225724645853,0.0754467985426,0.0596186297727,0.0737966476479,0.361227849502,0.285444973664
1091,0.30790626312,0.260690110312,0.44098798272,0.304983195554,0.258215283075,0.293444693273,0.246340749511,0.234661341277,0.378908789232,0.318086090073
1092,0.222164307385,0.178222658768,0.32758722855,0.305181569624,0.244820022557,0.203538734841,0.164917372753,0.173962843577,0.375242668793,0.304040580434
1093,0.146696083831,0.111997367991,0.222110796188,0.305105631737,0.232937559214,0.129658743069,0.101867910661,0.117954809529,0.37100320532,0.291483015182
1094,0.639189216987,0.667703492625,0.725412716539,0.314514348465,0.328544855529,0.695158850371,0.669470679496,0.385080322746,0.397299500447,0.382618111509
1095,0.47853984364,0.497830477782,0.548714608309,0.313779143909,0.326428035631,0.520764264292,0.500993152427,0.290869239924,0.396734487797,0.381672237031
1096,0.357090763093,0.369172178501,0.4123785406,0.31361123644,0.324221613453,0.388692544064,0.372492051986,0.21838949405,0.396797493924,0.38025919198
1097,0.252503155856,0.260894848556,0.29330802075,0.313005169145,0.32340758643,0.274332048635,0.262665406322,0.155338339479,0.396241319371,0.379390186717
1098,0.164367429136,0.168266845356,0.190432029452,0.314238229258,0.321693146905,0.178752447272,0.170009402716,0.100843503331,0.397576332115,0.378130290177
1099,0.104684547036,0.105901223647,0.122032844025,0.314728468001,0.318386340885,0.113644087403,0.107048544067,0.0646668309418,0.398248883856,0.37513577844
1100,0.0638764706331,0.0645585089806,0.0752751937761,0.313565442364,0.31691352428,0.0691180639836,0.0650000157748,0.0398585394953,0.397283636618,0.373613512285
1101,0.0496959764569,0.0486699115516,0.0589768212773,0.31584543499,0.309324224634,0.0534145777829,0.0491039066946,0.0312593985797,0.399278091133,0.367055492077
1102,0.67923884153,0.699069842411,0.768888855602,0.316337378849,0.325573138725,0.736859467337,0.701448479258,0.408140391867,0.399068553389,0.379890660706
1103,0.504955872683,0.515212336866,0.574815846641,0.316589918704,0.323020368051,0.549577954865,0.520397052724,0.304764954089,0.399768661845,0.378542173233
1104,0.357853878397,0.363136887682,0.416014167162,0.314733795725,0.319380221726,0.388482039817,0.366533265643,0.220520355209,0.39822433508,0.375725132787
1105,0.260750524743,0.261775406287,0.303757201029,0.315570431764,0.31681078329,0.283087582288,0.26507566921,0.160952696234,0.399211981049,0.373811462086
1106,0.183826481332,0.18211346854,0.216503653305,0.315612499355,0.312671420111,0.198937206825,0.184454656869,0.114518541579,0.399544184491,0.370457525924
1107,0.112597413814,0.109127673982,0.135974688497,0.314781896094,0.305081750716,0.120581312813,0.109795301623,0.0719209603425,0.398882832259,0.363202720708
1108,0.0686258744255,0.0654634464733,0.0836235839367,0.315212708578,0.30068702874,0.072759546643,0.0654063253166,0.0442129109904,0.398947429444,0.358629026132
1109,0.0502654217165,0.0478419226453,0.0622304645714,0.313496997688,0.29838204079,0.0510098402063,0.0464975906553,0.0328644696261,0.391264068526,0.356653469662
1110,0.52232287477,0.511074617572,0.608356759442,0.318149244445,0.311297879702,0.562336613273,0.515082920759,0.322779589324,0.401611887833,0.36786405031
1111,0.377166339432,0.363519525311,0.444890094939,0.318129206612,0.306618502461,0.40485607744,0.366277809885,0.235696924188,0.402109344301,0.363792809772
1112,0.262606998078,0.250601033573,0.309707820655,0.319117680552,0.304528139628,0.283803608954,0.25492325862,0.164077123142,0.403816160271,0.362723123357
1113,0.187228379144,0.175072924103,0.226515441916,0.317973937871,0.297330070079,0.199261249948,0.176187900987,0.119946668482,0.402226345354,0.355650762647
1114,0.116482547147,0.105037177943,0.145197874103,0.31763555227,0.286425244314,0.122303468439,0.105078637231,0.0769692117447,0.401849643622,0.345254418885
1115,0.0718973066804,0.0619610283496,0.0934596601639,0.31628515208,0.272574233715,0.0723799874683,0.0608894820013,0.0496809347324,0.395626277974,0.332819609046
1116,0.0593970898733,0.0504503286934,0.077917258261,0.316337933614,0.268689135495,0.0560806240039,0.047772802532,0.0413557875259,0.38620568513,0.3289929144
1117,0.543490080893,0.503386834777,0.637134694172,0.322735352724,0.298921237737,0.57523273998,0.504180179487,0.338632705278,0.405651785769,0.35554580945
1118,0.401204426597,0.366864027054,0.473659254551,0.323101775008,0.295446436953,0.426946472934,0.370285249107,0.251334113084,0.407171832833,0.353134955101
1119,0.291363426939,0.259459802248,0.355108354959,0.321617473149,0.286401100026,0.307135812661,0.261737958815,0.188382856737,0.405590127862,0.345639706625
1120,0.202746265427,0.177222497181,0.252460008267,0.320583557807,0.280225229057,0.211760136315,0.17784251918,0.133828778062,0.404561367047,0.339762780335
1121,0.12963702584,0.107211134391,0.165502644543,0.322198997248,0.266461836584,0.13043676665,0.105226934764,0.0877650758742,0.403293633126,0.32534808945
1122,0.0785540309773,0.0632240913681,0.104971304918,0.318355474412,0.256227915376,0.0720329239509,0.0591137763066,0.0555807863167,0.385764973719,0.316577796826
1123,0.43435361978,0.376713249404,0.521949314586,0.325842720492,0.282602157416,0.45123045611,0.375851247897,0.277178785401,0.408626823506,0.340364661692
1124,0.30646745687,0.259443988616,0.372629699954,0.326535984446,0.276433260147,0.316276044813,0.258459674513,0.198053374167,0.409265668312,0.334450468684
1125,0.206991662506,0.168708039268,0.261051768277,0.325074494904,0.264951157874,0.212794608445,0.168998667167,0.138590120872,0.408918904568,0.324757992489
1126,0.13691452356,0.107453899537,0.180336931988,0.322375317195,0.253008110801,0.132895614342,0.103822541847,0.0958318919446,0.3996259062,0.312201253405
1127,0.0863024561992,0.0635649179889,0.11885072039,0.321163546261,0.236548707629,0.0730455775157,0.0568641384998,0.062992486224,0.378666374296,0.294782215234
1128,0.332692239341,0.268492337589,0.412228247516,0.32828895719,0.264938760506,0.33040575984,0.261836638255,0.219015954968,0.407275633702,0.32275370388
1129,0.223555297953,0.172815295513,0.286344852041,0.327450183564,0.253129318591,0.217552446905,0.167185348688,0.1520371284,0.405295473355,0.311462665663
1130,0.155902738128,0.115866720489,0.20819957787,0.324818324259,0.24140457338,0.141741734155,0.10788945378,0.110584154743,0.393491662796,0.299513765788
1131,0.231351408298,0.173220573595,0.298746356357,0.328942664674,0.246290426645,0.213181108996,0.162008969391,0.158782937448,0.399235734155,0.303402914729
1132,0.6696352707,0.685919218589,0.747378660005,0.318429176374,0.326172621712,0.728530834619,0.690720546673,0.396898731666,0.401140208302,0.380321286079
1133,0.498106840536,0.507855962739,0.562684278411,0.317539136974,0.323754124601,0.542535258362,0.513563251282,0.298417342809,0.400538138686,0.37914894119
1134,0.377323951842,0.382636184694,0.425092565648,0.318402676224,0.322885373781,0.412356400859,0.389248338631,0.225237565515,0.401577144659,0.379073141741
1135,0.265254183789,0.264025128873,0.29882476327,0.32031503225,0.318830852965,0.287729764568,0.266732056127,0.158429556424,0.403609545302,0.37415525659
1136,0.17669338532,0.175941335359,0.198113024925,0.320824527619,0.31945902051,0.191698453069,0.177454358947,0.104879015929,0.404399961707,0.374351147932
1137,0.111930379569,0.107758817248,0.128010552892,0.321916767736,0.309919168301,0.121096162236,0.109696395099,0.0678076089216,0.405546198297,0.367368834633
1138,0.068233467878,0.0638489399714,0.0787561277748,0.32362901628,0.302833349617,0.0731640091781,0.0647231804473,0.0416631047488,0.407484763158,0.360473819733
1139,0.0533102830595,0.0497911397676,0.0619364866364,0.323018409727,0.301695167671,0.0542388078633,0.0489760368501,0.032787023666,0.398809284825,0.360112970753
1140,0.555207968309,0.53548590866,0.606358053088,0.327160270393,0.315538905543,0.602928579707,0.546351043694,0.32156537375,0.409919862987,0.371453854588
1141,0.389088597068,0.37312382799,0.431926063269,0.325832054549,0.312462776837,0.422529261639,0.381208006062,0.22877888484,0.409222907166,0.369202946727
1142,0.287047248624,0.270277097615,0.318485947891,0.327750484948,0.308602330238,0.311718990464,0.277783147997,0.168611801937,0.41117696675,0.366413454753
1143,0.191217873662,0.176951091112,0.21557146223,0.327573463847,0.303133178595,0.205630010528,0.180539246626,0.114183665996,0.410969939445,0.360823807103
1144,0.126358749672,0.112476250319,0.140344314018,0.333242729768,0.296630765876,0.134188259956,0.114291732173,0.07425245943,0.41578793613,0.354137712589
1145,0.0756270319836,0.0640325983845,0.0858496244614,0.335361100992,0.283946654131,0.0752017263092,0.0626927520507,0.0455825722214,0.409869932348,0.341692608706
1146,0.0569982007687,0.0491019102868,0.0674987100572,0.32833287924,0.282847026103,0.0548276912804,0.047074394957,0.035853765183,0.398006260461,0.341723378511
1147,0.561469044561,0.513271296877,0.601054941795,0.335046321098,0.306285202025,0.601742489935,0.522148405859,0.318941695526,0.417056347046,0.361891191674
1148,0.408192954169,0.368126455338,0.444036332302,0.33448685509,0.30165503609,0.43856744215,0.376555559636,0.235353678859,0.417493743774,0.358461607548
1149,0.297321475664,0.262795177223,0.326673184997,0.335278397386,0.296344371571,0.31830653606,0.269719560858,0.173191578495,0.418154420662,0.354326455585
1150,0.206766471623,0.17717209667,0.230199101551,0.336677721911,0.288489218899,0.217250099203,0.179358346464,0.121904174721,0.418987100141,0.345909317173
1151,0.137575504504,0.113818629971,0.153169059548,0.340059369059,0.281337085658,0.142038430099,0.114385582548,0.0811859572228,0.420717522513,0.33880984792
1152,0.0845288843384,0.0673594502618,0.0955311481804,0.341641989501,0.272247963276,0.0838174751401,0.0662939019105,0.0507559474493,0.417277799407,0.330038258216
1153,0.447068637946,0.382424984637,0.478252022401,0.341862073608,0.29243070784,0.472432350179,0.389099027659,0.253669094812,0.423629976641,0.348905006052
1154,0.312774407643,0.261153074797,0.337569199843,0.343143769717,0.286510175926,0.330352346685,0.266959670022,0.178973007237,0.425555480907,0.343893881484
1155,0.230692043975,0.183444494611,0.242872484999,0.351124620354,0.279211529866,0.236784101697,0.184525062841,0.12866791673,0.430534489093,0.33551409527
1156,0.137780196227,0.10510894904,0.15249806532,0.348469026155,0.265838009489,0.137347355158,0.103869917381,0.0809048846063,0.426382824377,0.322455053392
1157,0.454224644867,0.376384403292,0.485503375298,0.345126021738,0.285981954568,0.473287937043,0.380663007007,0.257675839936,0.425761545027,0.342437779019
1158,0.337966241261,0.266860951105,0.358577729239,0.350803938907,0.27699770379,0.349394467689,0.270473042585,0.190258236658,0.431284240764,0.3338655062
1159,0.242089152114,0.182196793237,0.261848278503,0.352830603251,0.265541036874,0.245635484306,0.183141144166,0.138950496546,0.432664696615,0.322586566847
1160,0.153308086989,0.108991556688,0.173419904015,0.351850376695,0.250141535456,0.143178481299,0.103949012669,0.092086192023,0.422089341356,0.306441092922
1161,0.343180038474,0.258881737985,0.35933239123,0.356960807552,0.269277416783,0.347288153147,0.259656240912,0.190604079283,0.435444571402,0.32556797435
1162,0.251746190635,0.179793514309,0.27457067273,0.35652526658,0.254625225734,0.239360376343,0.17271232523,0.145838471788,0.429029544078,0.309569575726
1163,0.674034880334,0.700151050996,0.746866117498,0.317783281512,0.330096119698,0.735784167648,0.706058065185,0.396537357782,0.400235169822,0.384065439363
1164,0.493573672625,0.51170697416,0.550044489956,0.317344368046,0.329003217444,0.538963692416,0.516674536422,0.291678527824,0.400027454384,0.383484087069
1165,0.371112459293,0.382041821991,0.417131572153,0.317112659444,0.326451713374,0.405928158284,0.387937448803,0.221169312108,0.399915461634,0.382191234476
1166,0.256969837568,0.263259252473,0.286552098066,0.318512431073,0.326308119666,0.281229098532,0.267475001532,0.151746090298,0.401497640234,0.381861558769
1167,0.176773519824,0.180045511402,0.195508894786,0.32005175096,0.325975752669,0.194143400228,0.184021855359,0.103544368017,0.403029939023,0.382018224967
1168,0.104706683922,0.105092621374,0.11536505843,0.322011559699,0.323198459295,0.114562693795,0.107446003416,0.0609798676627,0.40483153037,0.37968319838
1169,0.0655718789487,0.0655803201251,0.0728740505659,0.321389424471,0.321430797463,0.0714292807973,0.0667820115431,0.0385510991086,0.404097728095,0.377806675932
1170,0.0498154767975,0.0493773484394,0.0563522558677,0.320263916054,0.317447186943,0.0541840633692,0.0500064956738,0.029851003462,0.404233301646,0.373067090082
1171,0.674426286221,0.691067818457,0.7334208319,0.321321400152,0.329250036013,0.736641753509,0.699248284234,0.389372138241,0.403581339274,0.383094710138
1172,0.505552476717,0.513811935261,0.55452736613,0.321211714648,0.326459507831,0.553907444651,0.523658208652,0.293849339621,0.403894844018,0.38183789105
1173,0.358340608271,0.36017026804,0.391701326877,0.32276767202,0.324415699094,0.393037602901,0.36853085205,0.207397464995,0.405625827297,0.380334173229
1174,0.254988647908,0.251473978247,0.275462899013,0.326103496689,0.32160860613,0.280621627119,0.25941940918,0.145609177651,0.409278115006,0.378355324481
1175,0.177528303484,0.174666645121,0.194639959359,0.324646983758,0.31941385339,0.194491191709,0.179523319192,0.103009270473,0.407718020156,0.376340396855
1176,0.114579981536,0.109829097988,0.123732872218,0.329118570637,0.315472172884,0.125360015755,0.113491032256,0.065586242395,0.4117761513,0.37278952294
1177,0.0672672882127,0.0624664673552,0.0722371386049,0.333054366513,0.309284501666,0.0724594208584,0.0637639335063,0.0383296191651,0.415114216579,0.36529846623
1178,0.051119507107,0.0477602740701,0.055698778803,0.33070244097,0.308970882354,0.0520864285572,0.047000728532,0.0295530204756,0.404900160612,0.365365855534
1179,0.533287720891,0.512493589377,0.557729320519,0.332575107799,0.319607228999,0.583623801863,0.527847834889,0.295543952101,0.414795547744,0.375154219378
1180,0.385825113736,0.365021618416,0.40097091817,0.33497065584,0.316909207212,0.423355784449,0.378437394127,0.212190681743,0.417517281109,0.373218360703
1181,0.271323973781,0.252903739219,0.279715778644,0.337491349331,0.314578999454,0.295619207428,0.260036685854,0.148355582502,0.419906802085,0.369364271462
1182,0.19003329486,0.171964380056,0.194675321539,0.341373294682,0.308914535375,0.207305936334,0.17909872985,0.103143245565,0.423464039696,0.365845151316
1183,0.123706662329,0.108480898596,0.124533567065,0.346788156413,0.30410561664,0.133050678071,0.112160697643,0.0659845502765,0.427546336436,0.360418271177
1184,0.0735461530076,0.0605853082775,0.0758633067622,0.350228501841,0.28850865591,0.07512329717,0.0606618524035,0.0402865931097,0.426662995579,0.344529175886
1185,0.0558924197396,0.047453218102,0.0588352904019,0.344630039703,0.292594318061,0.0557782258443,0.0464741005764,0.0312180954441,0.417907016888,0.348197749937
1186,0.54913642132,0.498623369158,0.541376399438,0.345556551292,0.313770067236,0.594967273903,0.514905249117,0.287050868637,0.425912600116,0.368599489558
1187,0.412004114948,0.367197163007,0.403895768319,0.348242028197,0.310369436018,0.447570264469,0.381649825373,0.213904814123,0.429066799928,0.365871645785
1188,0.304045165893,0.264149050119,0.293132467956,0.352996338732,0.306676961293,0.329279804302,0.274044404955,0.155392652256,0.433995632633,0.361194562631
1189,0.19948987098,0.168590038006,0.194538063825,0.354574294851,0.299652777112,0.214423546312,0.175542577688,0.102966583205,0.434995574808,0.356118746276
1190,0.138816366054,0.111567778994,0.134130444885,0.361017162126,0.290152264478,0.144728417181,0.113921532089,0.0712083727024,0.438759332539,0.345365038565
1191,0.0791608970527,0.0619600880689,0.0784459512674,0.360531956016,0.282192251201,0.076221199546,0.0599865052602,0.0415269178084,0.428848349436,0.337506020931
1192,0.444810553446,0.374248776013,0.425802261756,0.357317276543,0.300634848608,0.473554914944,0.386433038582,0.225672199257,0.436190748763,0.355942914172
1193,0.312116964598,0.25667046396,0.295186087352,0.361257560389,0.297081402651,0.332356376017,0.266127000656,0.156143568083,0.4404247401,0.352660347613
1194,0.226940944478,0.177799084536,0.205034190058,0.372172088258,0.291581833037,0.236069895902,0.182033310327,0.108435670299,0.448342765227,0.345716752251
1195,0.148265955594,0.110054900634,0.132750752658,0.379127382875,0.28141879424,0.148031730395,0.109702263666,0.0701967592426,0.451411552298,0.334528745965
1196,0.334429396043,0.260051838063,0.301578235275,0.373222322257,0.290217164094,0.347634715112,0.266788573487,0.159818005764,0.44900048298,0.344580656482
1197,0.248409771811,0.182926987378,0.21566126957,0.383942084472,0.282731908363,0.250692513638,0.184686999692,0.114439582851,0.45595454101,0.335905029445
1198,0.16601659916,0.115167783857,0.142265630754,0.392057134871,0.271974920562,0.158645013435,0.112042573549,0.0754808452981,0.458288505364,0.323664907313
1199,0.261352967356,0.185406909299,0.216719006823,0.393913014965,0.279446586645,0.255797781215,0.182130639688,0.115058714193,0.462574560927,0.329357824313
1200,0.171966639339,0.114999502651,0.146210408668,0.396989724116,0.265479519786,0.157427089556,0.108740251289,0.0776678206631,0.45785628458,0.316256926173
1201,0.693082100324,0.705939815535,0.75078124551,0.322393283617,0.32837416384,0.753057225061,0.713952580285,0.398592444385,0.403653686186,0.382692816965
1202,0.517371873322,0.523817426647,0.561205713156,0.322874115985,0.326896565676,0.567617646638,0.535103324648,0.297652705261,0.405332988005,0.382114669541
1203,0.378268279729,0.379334444319,0.406798610125,0.324860740561,0.325776373821,0.416798471342,0.390917315903,0.21545546364,0.407359443477,0.382064405704
1204,0.260288480619,0.258741198049,0.276859146716,0.327041255409,0.325097161559,0.28624729885,0.2662816141,0.146551157242,0.409462822723,0.38090288288
1205,0.171844038825,0.167922811447,0.179465630853,0.330957798427,0.323405829858,0.18929276312,0.173469983102,0.094948111871,0.413564065114,0.378994686351
1206,0.11057576851,0.105355131197,0.113591819481,0.335563413603,0.319720386675,0.121866295248,0.109587296126,0.0601657995108,0.417895033929,0.375788783433
1207,0.067833004954,0.062071279551,0.0694319689355,0.340294370859,0.311389817355,0.0737605534727,0.0640661388634,0.0368228859838,0.422334563772,0.366826759502
1208,0.052216553301,0.048829506742,0.0559609408765,0.332574681353,0.311002098353,0.0554243733805,0.0492881009401,0.0296481564263,0.412504563817,0.366834396848
1209,0.544763538217,0.519643806746,0.540820684331,0.33936831919,0.323719619433,0.60043293691,0.539360201994,0.286809217698,0.420883180328,0.378073258815
1210,0.396693149058,0.375922475072,0.39445141852,0.339906050433,0.322108723265,0.438450839616,0.392087671112,0.208850284713,0.421835256969,0.377229072347
1211,0.266252975166,0.247355939211,0.261896361618,0.343328386547,0.318961001127,0.293793263546,0.258558510038,0.138537605946,0.425239223891,0.374240099354
1212,0.192379064236,0.173196915547,0.184162398708,0.349946577796,0.315053345961,0.211863067253,0.181924136076,0.0974536105757,0.431281484062,0.370335955252
1213,0.1243224673,0.108120039732,0.115538993465,0.35726746141,0.310706286334,0.135132365661,0.112589847529,0.0612806553545,0.437317511962,0.36436505609
1214,0.0728209468693,0.0601855035625,0.0681896330716,0.361940180948,0.299138544422,0.074536948187,0.0605015356266,0.0361719337175,0.435352879,0.353375317338
1215,0.0546993482858,0.0470484753393,0.0534249447706,0.352506105622,0.303200592641,0.0525872930395,0.0451966811089,0.0283222559507,0.417007890872,0.358401651317
1216,0.561096067856,0.50536344173,0.517130799318,0.354318957815,0.319125116445,0.613226511013,0.525704732445,0.274103515362,0.433978362659,0.372039491006
1217,0.419584039644,0.372689664449,0.387120741584,0.355762265272,0.316000864524,0.46033916829,0.390585160257,0.205034387982,0.43594428559,0.369886771275
1218,0.293293860625,0.253548738917,0.26539537739,0.361093508251,0.312160655027,0.321319790421,0.26682241424,0.140605863868,0.440920263527,0.366138073997
1219,0.207104495646,0.172179187887,0.180162776241,0.370195381574,0.307767052376,0.225523757366,0.18127371863,0.0953159093546,0.449149064626,0.361021482236
1220,0.133416443844,0.106248855185,0.11341857492,0.377860484965,0.300916759514,0.141970645267,0.1102374486,0.0602930543921,0.454304395546,0.352758539332
1221,0.0798924613998,0.0609251059851,0.0685948490262,0.381507757606,0.290933589465,0.0792925850219,0.0604077642225,0.0362789004536,0.450579174295,0.343266404
1222,0.44774576109,0.373403218696,0.370644965202,0.37569058223,0.313311894448,0.484649611533,0.390724227003,0.196253482653,0.452255744091,0.364608310443
1223,0.325075523946,0.265498348904,0.267846767793,0.378690246431,0.309287004917,0.351120349158,0.278100725789,0.141730359064,0.455437701609,0.360724052801
1224,0.214188818098,0.166115997546,0.172633332591,0.387364877576,0.300424194055,0.228765119923,0.173776749667,0.091518239114,0.463030946828,0.351731999013
1225,0.143465661659,0.10503727593,0.112445354626,0.39746873653,0.291003665054,0.147640689893,0.107931800328,0.0595126204991,0.468573997533,0.342548081949
1226,0.348116259398,0.267354339549,0.269756153695,0.393250947691,0.302017916597,0.366344552363,0.276355485127,0.142829117691,0.46636658862,0.351808056142
1227,0.247314689603,0.177431251744,0.182294495676,0.407410568588,0.292289015562,0.25635972504,0.182823460154,0.0966861692189,0.478399675086,0.341171702858
1228,0.163309502493,0.110680646051,0.11479373134,0.420052144503,0.284684246899,0.159269787692,0.109601995759,0.0609106235986,0.482954167013,0.332346399978
1229,0.249101104603,0.170137731724,0.174215587863,0.419747657864,0.28669047662,0.243673570928,0.167927148834,0.0926754725772,0.483214505523,0.333006299693
1230,0.161301086811,0.105812955694,0.114550663693,0.422625105731,0.277240609299,0.147636170749,0.1001510229,0.0608354041303,0.478371226901,0.324509687951
1231,0.677095720256,0.706258185202,0.744164185792,0.318256151636,0.331963421654,0.740785302423,0.713815917265,0.394964528279,0.400518501836,0.385937033084
1232,0.496126831142,0.513746599807,0.549949804284,0.318066060266,0.329362063728,0.543270593939,0.521324839354,0.291486511395,0.400617821119,0.384434614292
1233,0.36185682067,0.372412029725,0.396333546695,0.320056654401,0.329392570441,0.397267770632,0.379584185976,0.209903795222,0.402599903669,0.384678969717
1234,0.260044020498,0.265923545302,0.284490939788,0.320860375583,0.328114941688,0.285686157853,0.271760949552,0.150648647983,0.403456955757,0.383791242193
1235,0.176442159505,0.178805836167,0.192471396791,0.322139697687,0.326455186045,0.19422476491,0.183735390278,0.101920641454,0.404735439028,0.382877146916
1236,0.107463449055,0.107707615179,0.115242982775,0.325238742201,0.325977712372,0.118350101021,0.11095175763,0.0609544618308,0.407743407015,0.382254406885
1237,0.0681575589275,0.0675079031392,0.0745297335792,0.324258405232,0.321167679079,0.0745945049833,0.0689867362787,0.0394257332668,0.407604711107,0.37696233412
1238,0.0484742443022,0.0477707654208,0.0517473855179,0.327545508155,0.322792028219,0.0531803000569,0.0490050158456,0.0275129857672,0.410030812835,0.377838531536
1239,0.691752550889,0.710239671249,0.747634708287,0.321801211688,0.330401364626,0.756590808433,0.72025517519,0.396873345883,0.403790896811,0.384398647038
1240,0.505958990491,0.516620551447,0.542727743407,0.323233013242,0.330044174894,0.556293684087,0.528547379913,0.287712210086,0.405298427821,0.385083326011
1241,0.383520045818,0.36075538385,0.36505042448,0.345723526035,0.325202358262,0.427046524107,0.380751428279,0.193281643749,0.426585983528,0.380340813807
1242,0.262519407315,0.259426268026,0.269615835447,0.331647514106,0.327739871747,0.291138909939,0.27012150241,0.142741061883,0.413548721978,0.383694512436
1243,0.175577815053,0.172147834723,0.181627227496,0.33168387779,0.325204305322,0.193968390082,0.178454688432,0.0960927785056,0.414006030267,0.380893593586
1244,0.115597145445,0.109638929834,0.114475609987,0.340280156552,0.322741120159,0.127709313453,0.114480640216,0.0606418352104,0.421716999809,0.378033761382
1245,0.0680741579647,0.0629074727752,0.0659385102024,0.345694237466,0.319456773056,0.0749377530549,0.0655703448009,0.0349739061383,0.42703953311,0.373658513742
1246,0.0547883471713,0.0497983313639,0.0522084438039,0.3494263492,0.317601278796,0.0582606983089,0.0506801670156,0.0277442985538,0.426240102845,0.37078030693
1247,0.539280156668,0.512768227041,0.509048021945,0.345449617791,0.328466727093,0.600407881322,0.539659044552,0.269681675959,0.425897128425,0.382805163878
1248,0.383520045818,0.36075538385,0.36505042448,0.345723526035,0.325202358262,0.427046524107,0.380751428279,0.193281643749,0.426585983528,0.380340813807
1249,0.27768736064,0.255997633446,0.259093175132,0.350271199968,0.322912062145,0.309295911428,0.27204948368,0.137001726374,0.430566090095,0.378715909822
1250,0.189386599984,0.170522813434,0.170970129032,0.356741190497,0.321208108052,0.210760603395,0.181244577379,0.0904092385878,0.436887031017,0.375703067953
1251,0.121699122577,0.105756073587,0.105937862868,0.365031962364,0.317211383746,0.133917174964,0.111579215089,0.0560363835385,0.444121457741,0.370040091364
1252,0.0739687375182,0.0622091216715,0.0627351073133,0.371864835252,0.312745432162,0.0746906958206,0.062097419407,0.0333397323842,0.439026866378,0.365004438008
1253,0.0659822678039,0.0547615543979,0.0604820711759,0.36408852275,0.302172903536,0.06787405693,0.0551036688978,0.0321620940632,0.437502486323,0.355187139811
1254,0.557288714833,0.499770143819,0.485599812123,0.361252119727,0.323966768079,0.615416483224,0.526841520104,0.257162318203,0.439765289781,0.376471251702
1255,0.408953625772,0.360777089653,0.346948841057,0.366222900203,0.32308023153,0.45563942948,0.385775863071,0.183563329727,0.444535544036,0.376374545464
1256,0.298184961088,0.25576814258,0.242911815908,0.374197625924,0.320968003857,0.331152209877,0.275203470128,0.128398517043,0.450697949337,0.374551749733
1257,0.199530326529,0.166626104922,0.149736571322,0.386766878901,0.322985781986,0.221570074699,0.178956332976,0.0792010122863,0.461866604825,0.373037532419
1258,0.135812924158,0.108605467863,0.10362781471,0.390215211463,0.3120432453,0.146640896707,0.114260673584,0.0548496326528,0.464419122841,0.361869321537
1259,0.0746803054737,0.0573830687336,0.0574487368016,0.394066136861,0.302793675972,0.0678421794539,0.0541429738896,0.0304830495273,0.444959527144,0.355109936827
1260,0.438834786932,0.365453511797,0.339081527925,0.383808262823,0.319628438042,0.483704323315,0.391126750061,0.179452477583,0.458799080072,0.370988193551
1261,0.319441765114,0.258727911331,0.237408524822,0.391675212283,0.317232499506,0.350132223637,0.277916019578,0.125572462915,0.464600057812,0.368774394489
1262,0.220247306529,0.169961931659,0.155924174795,0.403284804212,0.311209546273,0.237416147567,0.180056091677,0.0825767245845,0.474785800473,0.360076921865
1263,0.146692849638,0.106220532617,0.0981836217161,0.417812877862,0.302538988985,0.153658956201,0.110617898141,0.0520683852908,0.485731842777,0.349674609518
1264,0.334381304401,0.25529985385,0.227581240008,0.409148035091,0.312384191899,0.359454733289,0.272209644787,0.120397174319,0.477959193825,0.361951284333
1265,0.238059915988,0.172232793829,0.15141389284,0.423815413352,0.306624121943,0.245858164857,0.177096771029,0.0801328123972,0.48869837458,0.352019645943
1266,0.159921917756,0.108222534333,0.0954656549096,0.439817031151,0.297633460263,0.150843024882,0.104804936994,0.050435696043,0.492816329717,0.342406183024
1267,0.273206115611,0.185615923043,0.155448300553,0.44476527381,0.302173019265,0.27415526229,0.188171318588,0.0824545499273,0.503239276818,0.345407188222
1268,0.165518951285,0.106017818235,0.0923925064092,0.454810761961,0.291314343876,0.157207149743,0.103703386888,0.0491441999883,0.507030311671,0.334467997549
